"","sex","race","age_int"
"121000624",1,1,46
"121002145",0,0,36
"121010609",0,1,54
"121015651",0,1,44
"121015867",0,1,51
"121016745",1,1,46
"121018157",0,0,42
"121019477",0,1,63
"121021665",0,1,43
"121027122",1,1,39
"121028352",0,1,50
"121029427",0,0,44
"121029925",0,1,43
"121031811",0,1,52
"121032198",1,1,40
"121032770",0,0,26
"121034698",0,1,47
"121034929",0,1,31
"121036252",1,1,65
"121036758",0,0,46
"121037753",1,0,41
"121038339",0,1,46
"121042253",0,1,49
"121042368",1,1,24
"121043241",0,1,62
"121045795",0,1,45
"121047608",0,1,40
"121047700",0,1,59
"121047861",0,1,45
"121049769",0,1,54
"121051288",1,0,32
"121051397",1,1,35
"121052485",0,1,35
"121055844",0,1,50
"121056987",1,1,53
"121057913",0,1,68
"121060351",0,0,44
"121060871",0,1,41
"121061197",0,1,43
"121061319",1,1,36
"121062864",1,0,65
"121062941",0,0,25
"121063162",1,0,36
"121065081",1,1,44
"121065510",0,1,46
"121066785",1,1,33
"121071612",0,1,58
"121072488",0,1,45
"121072587",0,0,44
"121075559",0,1,48
"121076147",1,0,56
"121076617",0,1,26
"121077434",0,0,34
"121079451",1,1,77
"121080110",0,1,55
"121081318",0,1,39
"121082855",0,1,71
"121084050",0,0,43
"121085136",0,0,29
"121086784",0,0,41
"121087441",1,1,45
"121089443",0,1,29
"121090440",0,1,29
"121092934",0,0,49
"121093196",0,0,30
"121093829",0,1,38
"121098732",0,0,54
"121099503",1,1,37
"121099906",0,1,61
"121100330",0,1,39
"121101148",1,1,27
"121103004",1,1,43
"121104667",1,1,45
"121105164",0,0,51
"121107174",0,0,36
"121107600",0,0,37
"121107916",0,1,34
"121109156",0,1,33
"121112037",1,1,60
"121115148",0,1,28
"121115360",1,1,35
"121115887",0,1,39
"121118472",0,1,36
"121119629",1,0,49
"121130813",1,1,42
"121131223",0,1,46
"121133418",0,1,53
"121134867",1,0,35
"121136051",0,1,36
"121143059",0,0,35
"121143858",1,0,44
"121145098",0,1,57
"121149778",1,1,55
"121152067",1,1,62
"121159618",0,1,51
"121165002",0,1,51
"121165968",0,1,28
"121166911",0,1,27
"121169495",0,1,36
"121170239",0,0,55
"121172384",0,1,39
"121176260",1,1,61
"121178182",0,1,45
"121181981",1,1,45
"121182028",0,1,45
"121184866",0,1,51
"121184873",0,1,41
"121185082",0,1,61
"121185172",1,1,51
"121187115",0,1,52
"121189670",0,1,30
"121189962",1,0,28
"121191207",0,1,53
"121193245",1,1,48
"121193505",1,0,31
"121194613",1,1,43
"121196646",0,1,48
"121198090",0,1,52
"121198843",1,1,34
"121199361",0,1,30
"121199867",1,1,37
"122000037",0,0,43
"122000101",0,1,65
"122000128",0,1,39
"122000299",1,1,35
"122000332",0,1,43
"122000451",1,1,34
"122000591",0,0,28
"122001040",1,0,38
"122001078",1,1,44
"122001181",0,1,26
"122001488",1,1,30
"122001523",0,1,35
"122001702",0,1,41
"122001707",0,0,40
"122002040",1,1,27
"122002203",0,1,34
"122002392",1,1,28
"122002673",0,1,27
"122002753",0,1,33
"122002964",1,0,41
"122003024",0,1,47
"122003255",0,1,33
"122004203",0,1,40
"122004208",1,1,31
"122004224",0,1,59
"122004414",0,1,42
"122004483",0,1,30
"122004625",1,1,37
"122004796",0,0,27
"122004926",1,1,35
"122005110",0,1,43
"122005257",0,1,35
"122005535",0,1,33
"122005661",1,1,34
"122006110",0,0,25
"122006171",0,1,41
"122006321",0,1,40
"122006558",1,0,33
"122006807",0,0,40
"122006819",0,1,41
"122006911",0,1,38
"122006955",0,0,37
"122007316",0,1,33
"122007435",1,1,42
"122007457",1,1,25
"122007648",0,1,39
"122007743",1,1,36
"122008050",1,1,41
"122008060",1,1,30
"122008142",0,1,39
"122008143",0,1,26
"122008578",0,1,42
"122008637",1,0,59
"122008798",1,0,37
"122008968",1,1,34
"122009131",0,1,40
"122009143",0,1,44
"122009187",1,1,30
"122009429",1,1,28
"122009832",0,1,44
"122010231",0,1,30
"122010333",0,0,43
"122010389",0,1,35
"122010514",1,1,42
"122010578",0,1,40
"122011238",1,1,30
"122011268",0,1,31
"122011444",0,1,26
"122011484",0,1,29
"122011904",0,1,30
"122011923",1,1,44
"122012008",0,1,27
"122012147",0,1,44
"122012805",0,1,42
"122012982",0,1,32
"122013164",0,1,32
"122013377",0,1,32
"122013441",1,0,39
"122013638",1,1,33
"122013994",0,1,43
"122014046",0,1,42
"122014108",0,1,44
"122014175",1,0,39
"122014313",0,1,50
"122014399",1,1,33
"122014790",1,1,42
"122014852",0,1,29
"122014908",0,1,44
"122014918",0,1,32
"122014945",0,1,44
"122014973",0,1,28
"122015249",1,1,43
"122015277",0,1,34
"122015828",1,1,43
"122015890",0,1,31
"122015915",0,1,42
"122016184",0,1,42
"122016206",0,1,32
"122016554",0,1,35
"122016658",0,1,39
"122016737",0,1,30
"122016821",0,1,26
"122016922",0,1,29
"122017053",1,1,33
"122017172",0,1,31
"122017250",0,1,34
"122017268",0,1,26
"122017443",1,1,33
"122017487",0,1,43
"122017534",0,1,38
"122017604",0,1,38
"122017887",0,1,33
"122018209",0,1,33
"122018265",0,1,42
"122018454",0,1,43
"122018484",1,1,34
"122018491",1,1,38
"122019046",1,1,42
"122019249",0,1,37
"122019295",0,1,41
"122019467",0,1,29
"122019517",1,1,36
"122019546",0,1,33
"122019596",0,1,42
"122019870",0,1,26
"122019956",1,0,42
"122020137",0,0,40
"122020381",0,0,41
"122020400",1,1,40
"122020434",0,1,63
"122020511",0,0,39
"122020928",0,1,58
"122020974",1,0,44
"122020976",0,1,34
"122020994",0,0,41
"122021170",0,1,29
"122021394",0,0,54
"122021401",1,1,41
"122021433",0,0,39
"122021804",1,0,38
"122021894",1,1,28
"122022083",1,1,27
"122022108",0,0,26
"122022200",1,1,44
"122022878",1,1,38
"122022920",1,1,35
"122023316",0,1,33
"122023470",1,1,41
"122023628",0,1,43
"122023867",0,1,39
"122023922",1,1,42
"122024227",0,1,42
"122024306",0,1,30
"122024740",1,1,41
"122024954",0,0,39
"122025018",0,1,34
"122025025",1,1,30
"122025237",1,1,32
"122025255",0,1,37
"122025340",0,1,40
"122025441",0,1,26
"122025577",0,0,44
"122025599",1,0,41
"122025628",0,1,36
"122025810",0,1,39
"122026292",1,0,44
"122026320",1,1,43
"122026473",0,1,32
"122026500",0,0,39
"122026771",1,1,41
"122027117",0,1,43
"122027326",0,1,33
"122027490",0,1,41
"122027559",1,1,37
"122027686",0,1,46
"122027689",1,0,47
"122027764",1,1,25
"122027833",0,1,34
"122028154",0,1,36
"122028213",0,1,34
"122028471",1,0,43
"122028588",0,1,41
"122028660",0,1,39
"122028729",0,1,56
"122028754",1,1,39
"122028878",1,1,43
"122028926",0,1,41
"122029387",1,0,25
"122029568",0,1,39
"122029613",1,1,41
"122029852",1,1,38
"122029855",0,1,34
"122029859",0,1,35
"122030234",0,1,36
"122030486",0,1,41
"122030673",1,1,38
"122030870",0,1,32
"122031238",0,0,37
"122031304",0,1,29
"122031483",0,1,37
"122031651",0,1,40
"122031699",0,1,35
"122031720",0,1,29
"122031813",0,1,40
"122031837",0,1,32
"122032105",0,1,33
"122032316",1,0,30
"122032385",0,1,35
"122032390",0,1,40
"122032683",0,1,33
"122032807",1,1,29
"122032818",0,1,38
"122032884",0,1,40
"122032892",0,1,43
"122033131",0,1,36
"122033333",1,1,36
"122033407",0,1,39
"122034500",0,1,25
"122034894",1,1,30
"122035162",0,1,31
"122035469",0,1,40
"122035483",0,1,28
"122035596",0,0,43
"122035722",1,1,42
"122035743",0,0,39
"122035860",1,0,36
"122035966",1,0,42
"122036012",0,0,33
"122036031",0,1,42
"122036095",0,1,30
"122036349",1,0,32
"122036355",1,1,37
"122036374",1,1,31
"122036427",0,1,54
"122036577",1,0,42
"122036850",0,1,30
"122037069",0,1,40
"122037370",0,1,41
"122037758",0,1,27
"122037801",1,1,41
"122037943",0,1,39
"122037951",1,1,26
"122038018",1,1,36
"122038280",0,1,39
"122038364",0,1,28
"122038627",0,1,42
"122038800",1,1,38
"122038834",0,1,41
"122038994",1,1,41
"122039109",0,1,33
"122039310",1,0,42
"122039414",1,1,36
"122039521",0,1,36
"122039623",1,1,41
"122039793",0,1,28
"122039978",0,1,36
"122040071",0,1,27
"122040223",1,1,37
"122040322",0,1,42
"122040354",0,1,40
"122040516",1,1,43
"122040558",1,0,35
"122040679",1,0,25
"122040758",1,0,42
"122040800",1,1,37
"122040856",0,1,37
"122041092",0,1,26
"122041196",0,0,38
"122041401",0,1,41
"122041426",0,1,30
"122041446",1,1,44
"122041701",1,1,44
"122041725",0,1,42
"122041887",1,1,42
"122041977",0,0,34
"122042139",0,1,40
"122042401",0,1,31
"122042475",1,1,37
"122042488",0,1,56
"122042581",0,1,43
"122042636",0,1,37
"122042739",0,0,34
"122042821",0,1,41
"122042843",0,1,37
"122042954",0,0,41
"122042961",0,1,35
"122042994",1,0,42
"122043121",0,1,30
"122043498",0,1,35
"122043520",1,1,27
"122043650",1,0,41
"122043705",0,1,26
"122043724",0,1,32
"122043865",0,1,41
"122043918",0,1,35
"122044210",1,1,27
"122044594",0,1,37
"122044860",0,0,43
"122044908",0,0,30
"122045344",0,0,26
"122045717",1,1,43
"122045888",1,1,43
"122046000",1,0,43
"122046276",0,1,40
"122046369",0,1,39
"122046486",1,1,32
"122046609",1,1,35
"122046906",0,1,26
"122046926",1,1,40
"122047048",0,1,26
"122047179",0,1,37
"122047570",1,1,35
"122047634",0,1,30
"122047909",1,0,40
"122047946",0,1,43
"122048007",1,1,40
"122048155",0,1,29
"122048162",0,1,42
"122048299",0,0,29
"122048341",0,1,43
"122048442",0,1,26
"122048451",0,0,39
"122048499",0,1,33
"122048810",0,0,35
"122049089",1,1,35
"122049854",0,1,33
"122049867",0,0,34
"122050063",0,0,36
"122050068",0,1,41
"122050257",0,1,30
"122050594",1,1,36
"122050645",1,0,25
"122050753",1,1,29
"122050776",0,1,36
"122050917",0,1,42
"122050990",0,1,41
"122051240",1,1,27
"122051260",0,1,42
"122051280",0,1,27
"122051401",0,1,32
"122051436",1,1,38
"122051488",1,1,35
"122051494",0,0,36
"122051510",0,0,39
"122051734",0,1,27
"122051774",0,1,38
"122051915",1,0,43
"122052167",1,1,32
"122052181",0,1,34
"122052310",1,0,37
"122052312",0,1,41
"122052484",1,1,42
"122052576",1,1,54
"122052663",0,0,42
"122052807",0,1,39
"122052828",0,1,25
"122052895",0,0,35
"122052927",0,1,33
"122052946",1,1,33
"122053002",0,1,33
"122053093",1,0,39
"122053423",0,0,39
"122053427",0,0,33
"122053701",0,0,35
"122053872",0,1,44
"122054181",1,1,35
"122054272",1,1,41
"122054302",1,0,28
"122054303",1,1,39
"122054379",0,1,39
"122054387",0,1,44
"122054501",1,1,42
"122054603",1,1,31
"122054611",0,1,36
"122054666",0,1,43
"122054839",0,1,31
"122055660",0,1,43
"122055862",1,0,25
"122056123",0,1,39
"122056147",0,1,43
"122056156",0,1,42
"122056319",0,0,41
"122056367",1,1,28
"122056661",0,1,30
"122056731",1,1,29
"122056830",1,0,36
"122056836",0,1,44
"122056891",1,1,43
"122057005",1,1,32
"122057367",0,0,33
"122057378",0,1,43
"122057410",1,1,44
"122057454",0,0,43
"122057498",0,1,30
"122057546",1,1,44
"122057696",0,1,36
"122057745",0,0,40
"122057873",0,1,35
"122058031",0,1,31
"122058055",1,0,38
"122058111",0,1,37
"122058334",1,0,33
"122058538",0,1,34
"122058553",0,1,43
"122058735",0,1,26
"122058924",1,1,29
"122058956",0,1,40
"122059007",1,0,41
"122059045",0,1,36
"122059383",0,1,32
"122059614",0,1,32
"122059653",0,0,42
"122059732",0,1,42
"122059833",0,1,44
"122059889",1,1,43
"122060266",0,1,42
"122060684",0,1,29
"122060802",0,1,37
"122060954",1,1,34
"122060975",1,1,63
"122061104",0,1,41
"122061126",0,1,27
"122061500",0,1,39
"122061560",0,1,39
"122061584",0,1,42
"122061650",0,1,40
"122061659",0,1,39
"122061759",0,1,30
"122061803",1,1,34
"122062121",1,1,35
"122062153",0,1,39
"122062604",0,1,39
"122062792",0,0,38
"122063171",0,0,43
"122063204",0,0,28
"122063222",1,0,41
"122063514",1,1,41
"122063635",0,1,43
"122063734",0,1,43
"122063791",1,1,41
"122064027",1,1,39
"122064591",1,1,27
"122064693",1,1,39
"122064872",0,1,31
"122064900",1,0,35
"122064908",0,1,39
"122065102",0,0,41
"122065230",0,1,34
"122065539",1,1,29
"122065543",0,1,29
"122066179",1,1,37
"122066307",1,1,35
"122066398",0,1,42
"122066447",0,1,40
"122066619",0,1,34
"122066758",0,1,39
"122066895",0,0,36
"122067046",0,1,28
"122067078",0,1,36
"122067107",0,1,27
"122067383",1,1,42
"122067466",0,1,39
"122067517",0,1,42
"122067572",0,1,30
"122067585",0,1,30
"122067753",0,1,28
"122067912",1,0,30
"122068070",1,1,40
"122068416",1,1,46
"122068649",1,0,43
"122068898",0,0,27
"122068912",0,0,47
"122068950",0,1,33
"122069015",0,1,42
"122069183",0,1,42
"122069317",0,1,36
"122069879",1,1,28
"122069927",0,0,44
"122069994",1,0,43
"122070298",0,0,31
"122070456",0,1,33
"122070596",0,1,43
"122070626",0,1,43
"122070676",0,1,35
"122070682",1,0,38
"122070848",0,1,32
"122071070",1,0,43
"122071197",1,1,43
"122071269",1,1,40
"122071453",0,1,59
"122072145",0,1,39
"122072354",0,1,30
"122072358",0,1,35
"122072948",0,1,40
"122073239",0,1,35
"122073640",1,1,40
"122073730",0,1,43
"122073733",1,1,40
"122073782",0,1,37
"122073853",1,1,30
"122074351",0,0,35
"122074579",1,1,35
"122074604",1,1,29
"122074613",0,0,37
"122074795",0,1,38
"122075157",1,0,41
"122075235",1,1,43
"122075541",1,1,32
"122075890",0,1,44
"122075948",0,0,43
"122076006",0,0,28
"122076063",0,1,35
"122076507",0,1,41
"122076789",0,1,39
"122076865",0,1,26
"122077041",0,0,35
"122077738",1,1,41
"122077772",1,1,33
"122077817",0,0,41
"122078065",1,1,43
"122078167",0,1,31
"122078206",0,1,28
"122078612",0,0,42
"122078650",0,0,43
"122078752",1,1,36
"122078801",1,1,35
"122078829",1,1,34
"122078906",0,1,41
"122078912",0,0,36
"122079208",1,0,35
"122079587",1,0,25
"122079756",0,0,39
"122079779",0,0,38
"122079838",0,1,40
"122079941",0,1,33
"122079972",0,1,33
"122080117",1,1,42
"122080153",0,1,42
"122080169",1,1,36
"122080210",0,1,41
"122080258",0,1,40
"122080463",0,1,40
"122080508",0,0,39
"122080642",1,1,36
"122080811",0,1,40
"122080842",0,1,27
"122080905",0,1,28
"122081045",0,1,33
"122081166",0,0,44
"122081231",0,1,36
"122081252",0,1,42
"122081367",0,1,37
"122081660",0,1,25
"122082021",0,1,26
"122082044",0,1,35
"122082099",0,1,39
"122082182",0,1,35
"122082184",1,1,43
"122082418",1,1,36
"122082642",1,1,43
"122082646",0,1,44
"122082763",0,1,36
"122082923",0,1,41
"122083123",1,1,41
"122083773",0,1,39
"122083890",0,0,43
"122083971",1,1,45
"122084098",1,1,39
"122084349",1,1,29
"122084389",1,1,41
"122084716",0,1,42
"122084895",1,1,32
"122084992",0,1,43
"122085168",0,1,41
"122085199",0,0,52
"122085379",0,1,33
"122085984",0,1,42
"122086012",1,0,25
"122086077",0,1,37
"122086248",1,1,40
"122086379",0,1,42
"122086548",0,0,37
"122086659",0,1,43
"122086676",0,1,42
"122086931",1,1,33
"122086970",0,1,30
"122087107",0,1,39
"122087198",1,1,42
"122087201",0,1,40
"122087265",0,1,36
"122087484",1,1,25
"122087602",0,1,41
"122087701",0,1,37
"122087940",0,1,31
"122088072",0,1,44
"122088586",1,1,26
"122088666",1,1,39
"122088898",1,0,36
"122088904",0,1,39
"122088914",0,1,52
"122088916",0,1,38
"122089090",1,1,42
"122089100",0,1,39
"122089314",0,1,38
"122089416",0,1,37
"122089480",0,0,40
"122089505",1,0,43
"122089859",0,1,36
"122089982",0,1,28
"122090403",1,1,27
"122090653",1,1,41
"122090861",0,1,31
"122090895",1,1,49
"122090973",1,1,44
"122091065",1,1,26
"122091282",0,0,31
"122091358",0,0,44
"122091492",0,1,42
"122091793",0,1,29
"122091884",0,1,33
"122091962",0,1,32
"122092026",0,0,30
"122092038",0,1,62
"122092084",1,0,37
"122092260",0,0,44
"122092293",1,1,39
"122092373",0,1,28
"122092556",0,1,54
"122092752",0,1,26
"122092887",0,1,43
"122092989",0,1,25
"122092999",0,1,41
"122093029",0,1,27
"122093103",0,1,44
"122093383",0,1,43
"122093436",0,1,43
"122093507",0,1,42
"122093798",0,1,32
"122093909",0,1,38
"122094016",0,1,29
"122094160",0,0,28
"122094207",0,1,43
"122094243",0,1,28
"122094528",1,0,35
"122094551",0,1,43
"122095017",1,1,30
"122095148",0,1,32
"122095241",1,1,34
"122095272",0,0,63
"122095365",0,1,40
"122095728",1,0,34
"122095772",1,1,38
"122095877",0,1,42
"122096740",0,1,31
"122096791",1,1,40
"122096929",0,1,47
"122097008",1,1,33
"122097165",1,0,28
"122097170",1,0,36
"122097228",0,1,42
"122097541",0,1,30
"122097671",0,1,33
"122097868",0,0,43
"122097975",0,0,43
"122098297",1,1,41
"122098366",1,1,31
"122098507",1,1,34
"122098623",0,1,40
"122098812",1,1,34
"122099010",0,1,37
"122099129",1,0,38
"122099181",0,1,43
"122099356",0,1,31
"122099714",0,1,40
"122099780",0,1,40
"122099992",0,0,39
"122100090",1,1,38
"122100311",0,1,43
"122100494",0,0,43
"122100550",1,1,43
"122100635",0,0,43
"122100667",1,0,41
"122101191",0,0,33
"122101285",1,1,26
"122101733",0,1,39
"122101825",0,1,40
"122101989",1,1,33
"122102172",0,1,34
"122102217",0,0,40
"122102335",1,0,44
"122102390",0,1,40
"122102451",0,0,38
"122102470",0,1,44
"122102643",1,1,41
"122102705",0,0,40
"122102806",1,1,37
"122102848",0,1,40
"122103398",0,1,35
"122103747",0,1,40
"122103946",0,1,40
"122103979",1,1,42
"122104067",0,1,29
"122104293",0,0,35
"122104454",1,1,42
"122104492",0,1,38
"122104600",1,1,36
"122104685",0,0,37
"122104866",0,1,28
"122104978",0,1,33
"122105210",0,1,31
"122105362",1,1,32
"122105469",0,1,38
"122105545",1,1,26
"122105556",0,1,33
"122105598",0,1,30
"122105781",1,0,37
"122105829",1,1,27
"122105841",0,1,40
"122105874",1,0,29
"122106342",1,1,42
"122106367",0,0,43
"122106387",0,1,38
"122106412",0,1,40
"122106606",0,1,43
"122106711",0,1,26
"122106827",0,1,26
"122106856",1,1,27
"122106863",1,1,43
"122106997",0,1,40
"122107008",1,1,35
"122107064",0,1,39
"122107066",0,1,34
"122107125",0,1,36
"122107191",1,0,38
"122107231",0,1,32
"122107375",0,1,31
"122107455",1,1,27
"122107495",1,0,38
"122107907",0,1,40
"122108038",0,1,42
"122108050",1,0,34
"122108259",1,1,39
"122108338",0,1,37
"122108373",0,0,42
"122108713",0,1,37
"122108835",0,1,39
"122108881",0,1,38
"122109073",0,1,25
"122109082",0,0,40
"122109516",0,1,43
"122109537",1,1,41
"122109543",1,1,39
"122110272",0,1,30
"122110415",0,1,37
"122110505",0,1,36
"122110524",1,1,38
"122110650",0,1,38
"122110806",1,1,34
"122110826",1,1,44
"122111421",1,1,43
"122111749",0,1,46
"122111855",0,1,40
"122111888",1,0,38
"122112181",0,0,35
"122112265",1,1,30
"122112695",0,1,34
"122112957",0,1,43
"122113002",0,1,38
"122113078",0,1,29
"122113448",1,1,37
"122113514",0,1,44
"122113517",1,1,42
"122113731",0,1,30
"122113787",0,1,42
"122113939",1,1,27
"122113954",1,0,43
"122113964",0,1,29
"122114073",1,1,28
"122114110",0,1,28
"122114142",1,1,31
"122114283",0,1,35
"122115429",1,0,40
"122115512",1,1,28
"122116227",0,1,62
"122116692",1,1,60
"122116748",0,1,42
"122117294",0,1,33
"122117727",0,1,35
"122117757",1,1,35
"122118069",0,1,40
"122118119",0,1,61
"122118152",0,1,31
"122118459",0,1,29
"122118546",1,1,30
"122118646",0,1,44
"122118718",0,1,30
"122118842",1,0,41
"122118932",1,1,28
"122119101",0,1,33
"122119170",0,0,34
"122119208",0,1,42
"122119256",0,1,32
"122119284",0,1,41
"122119397",0,0,40
"122119415",0,1,35
"122119963",0,1,26
"122120385",1,1,30
"122120399",0,1,41
"122120429",0,1,63
"122120433",0,0,36
"122120523",1,1,31
"122120612",0,1,43
"122120637",0,1,43
"122120808",0,1,32
"122120970",0,1,42
"122121143",0,1,43
"122121230",0,1,29
"122121776",0,1,46
"122122315",0,1,26
"122122537",1,1,26
"122122579",1,1,36
"122122648",1,0,41
"122122776",0,1,42
"122122812",0,1,39
"122123401",0,0,44
"122123594",1,1,43
"122123637",1,1,26
"122123884",1,1,43
"122123896",0,1,42
"122123909",0,1,40
"122123985",0,0,36
"122124076",0,1,33
"122124108",0,0,38
"122124167",1,0,27
"122124229",0,1,34
"122124349",0,1,26
"122124373",0,1,38
"122124510",1,1,31
"122124605",1,1,39
"122124649",0,1,42
"122124744",0,1,37
"122124803",0,1,32
"122124827",1,1,39
"122124914",1,1,36
"122125160",0,1,37
"122125218",1,1,34
"122125638",0,1,38
"122125651",0,1,42
"122125684",0,1,41
"122125847",0,1,34
"122125897",0,1,30
"122125954",1,0,26
"122126031",0,0,33
"122126515",0,1,30
"122126672",0,0,42
"122126863",0,1,29
"122126957",1,1,46
"122127470",1,1,44
"122127479",1,1,26
"122127635",0,1,43
"122127681",0,1,34
"122127734",0,1,38
"122128222",0,1,39
"122128284",0,1,41
"122128466",0,0,34
"122128476",0,1,33
"122128487",0,1,28
"122128648",0,1,33
"122128866",0,0,33
"122128985",0,1,32
"122128993",0,1,43
"122129075",0,1,33
"122129109",0,0,44
"122129110",1,1,43
"122129480",1,1,26
"122129628",0,0,28
"122129633",0,1,35
"122129708",0,0,44
"122129820",0,0,42
"122129936",0,1,40
"122130219",0,1,52
"122130498",0,1,27
"122130635",1,1,43
"122130784",1,1,43
"122131093",1,0,26
"122131112",0,1,38
"122131120",1,1,37
"122131138",1,1,36
"122131362",0,1,28
"122131896",0,1,33
"122131906",0,1,27
"122131975",0,1,43
"122132049",0,1,42
"122132263",0,1,31
"122132294",0,1,29
"122132307",1,1,44
"122132666",0,1,34
"122133219",0,1,57
"122133348",1,0,43
"122133494",0,1,35
"122133869",0,1,55
"122134119",0,1,34
"122134303",0,1,36
"122134388",0,1,40
"122134526",0,1,36
"122134606",0,1,40
"122134621",0,1,41
"122134784",0,1,31
"122134904",0,1,33
"122134936",1,1,36
"122135104",1,1,41
"122135147",1,1,36
"122135361",1,0,39
"122135634",0,1,41
"122135744",0,1,42
"122135863",0,1,40
"122136395",1,0,36
"122136540",0,1,37
"122136630",0,0,36
"122136752",0,1,33
"122136865",0,1,36
"122137109",0,1,25
"122137227",0,1,41
"122137233",0,1,39
"122137695",0,1,65
"122137823",1,1,28
"122138055",0,1,35
"122138089",0,1,25
"122138146",0,1,36
"122138214",0,1,38
"122138476",1,1,38
"122138626",1,1,33
"122139010",0,1,43
"122139014",0,1,39
"122139206",1,1,36
"122139209",0,1,35
"122139276",0,1,37
"122139434",1,1,42
"122139515",0,0,42
"122139927",0,1,38
"122140154",1,1,32
"122140245",1,1,30
"122140382",1,0,33
"122140401",0,1,29
"122140567",0,0,62
"122140680",1,1,25
"122140739",0,1,42
"122140744",1,1,38
"122140751",0,1,42
"122140846",1,1,42
"122141236",1,1,36
"122141336",0,1,35
"122141339",1,1,36
"122141344",1,0,31
"122141417",1,1,43
"122141700",0,1,39
"122141842",0,0,43
"122142115",1,1,38
"122142145",1,1,42
"122142190",0,1,41
"122142201",0,1,34
"122142204",0,1,37
"122142395",0,1,39
"122142514",1,1,33
"122142792",0,1,38
"122142824",1,1,39
"122143007",1,1,38
"122143034",0,1,39
"122143411",0,1,38
"122143477",1,1,28
"122143583",0,1,43
"122143791",0,1,48
"122143980",0,1,43
"122144044",1,1,32
"122144103",0,1,33
"122144208",0,1,40
"122144354",0,1,31
"122144375",0,1,41
"122144776",0,1,64
"122144821",1,1,33
"122145694",0,1,30
"122145720",0,1,40
"122145728",0,1,27
"122145966",1,1,36
"122145995",0,0,41
"122146105",1,1,34
"122146119",0,1,36
"122146289",0,1,64
"122146382",0,0,35
"122146472",0,1,35
"122146478",0,1,31
"122146534",0,0,43
"122146806",1,1,27
"122146809",0,1,27
"122146930",1,1,38
"122146934",0,1,37
"122147074",0,0,41
"122147175",0,1,35
"122147333",0,1,27
"122147426",0,1,37
"122147433",0,0,43
"122147448",1,1,34
"122147616",0,1,36
"122147696",0,1,40
"122148160",0,1,43
"122148206",0,1,43
"122148209",1,1,43
"122148303",0,1,40
"122148530",1,1,32
"122149287",0,1,42
"122149490",0,0,44
"122149580",0,1,28
"122149990",0,1,32
"122150023",0,1,35
"122150053",1,1,35
"122150225",0,1,45
"122150442",1,0,42
"122150675",0,1,27
"122150683",0,0,41
"122151162",0,1,36
"122151237",0,1,32
"122151989",0,1,31
"122152000",0,0,35
"122152350",1,1,37
"122152432",1,1,43
"122152879",1,0,30
"122153584",0,1,30
"122153742",1,1,35
"122154022",1,1,27
"122154056",0,1,41
"122154078",1,1,38
"122154184",0,1,43
"122154285",0,0,36
"122154724",0,1,40
"122154969",1,1,38
"122154988",1,1,34
"122155084",0,1,28
"122155093",0,1,26
"122155369",1,1,36
"122155947",0,1,42
"122156022",0,1,36
"122156201",1,1,40
"122156307",0,1,36
"122156319",0,1,32
"122156511",1,1,38
"122156896",1,1,40
"122157182",1,1,42
"122157184",0,1,49
"122157218",1,1,33
"122157285",1,0,44
"122157854",1,1,27
"122158028",1,1,44
"122158496",1,1,31
"122158628",0,1,32
"122158849",0,1,33
"122158884",0,0,43
"122158996",0,1,26
"122159401",1,1,42
"122159532",1,1,41
"122159547",1,1,31
"122159659",1,1,32
"122159788",1,1,35
"122160391",0,1,38
"122160435",1,1,38
"122160467",0,1,44
"122160612",0,0,42
"122160625",0,1,42
"122160972",0,1,42
"122161002",0,1,35
"122161048",0,1,38
"122161409",0,1,35
"122161412",0,1,35
"122161427",0,0,39
"122161432",0,1,43
"122161585",1,1,34
"122161740",0,1,36
"122161844",1,1,43
"122161979",0,0,41
"122162138",0,1,39
"122162194",1,1,35
"122162297",0,1,43
"122162397",1,0,40
"122162794",0,1,42
"122162829",0,1,42
"122163067",0,0,29
"122163158",0,0,43
"122163343",0,1,32
"122163389",1,1,40
"122163697",1,1,30
"122163763",0,1,33
"122163768",1,1,31
"122163785",1,1,38
"122164156",1,1,29
"122164925",0,1,41
"122165275",0,1,43
"122165323",0,1,38
"122165355",0,1,41
"122165417",0,1,42
"122165422",1,0,32
"122165466",0,1,28
"122165641",0,1,38
"122165865",1,1,42
"122165998",0,1,42
"122166299",0,1,42
"122166367",1,1,35
"122166552",1,1,43
"122166584",1,1,30
"122166973",1,1,32
"122167077",1,1,39
"122167147",0,1,35
"122167377",0,0,33
"122167418",0,1,34
"122167450",1,1,26
"122167701",0,1,39
"122167843",1,1,44
"122168060",0,1,31
"122168209",0,1,42
"122168362",1,1,31
"122168410",1,1,38
"122168521",0,1,26
"122168573",0,1,25
"122169061",0,0,42
"122169085",0,1,31
"122169522",0,1,44
"122170097",1,0,32
"122170182",0,1,35
"122170280",0,0,43
"122170293",1,1,28
"122170301",0,0,25
"122170311",0,0,36
"122170394",0,1,26
"122170439",1,0,30
"122170641",0,1,35
"122170666",0,1,33
"122171268",1,1,41
"122171270",1,1,40
"122171286",1,0,40
"122171381",1,1,42
"122171578",0,1,25
"122171635",0,1,43
"122171770",0,1,40
"122171836",1,1,30
"122172265",0,1,30
"122172475",1,1,35
"122172923",0,1,39
"122173024",0,1,30
"122173178",1,1,35
"122173385",1,1,27
"122173535",1,1,36
"122173626",0,0,32
"122173697",0,0,27
"122173736",0,1,31
"122174060",0,1,41
"122174200",1,1,39
"122174201",0,1,38
"122174455",1,0,30
"122174476",0,1,40
"122174666",1,1,38
"122174909",1,0,44
"122175053",0,0,45
"122175106",0,1,25
"122176056",0,1,34
"122176150",0,1,28
"122176726",0,1,33
"122176762",1,1,43
"122176913",1,1,26
"122177071",1,1,26
"122177080",1,1,60
"122177249",1,1,25
"122177259",0,1,41
"122177433",1,1,32
"122177464",1,0,38
"122177521",1,1,42
"122177578",0,1,37
"122177750",0,1,30
"122178261",0,1,33
"122178512",1,0,40
"122178712",0,1,63
"122178750",0,1,36
"122178906",0,0,43
"122178961",1,1,36
"122178966",1,1,28
"122179026",1,1,34
"122179038",0,1,40
"122179381",0,1,31
"122179416",0,1,43
"122179450",0,1,43
"122179645",1,1,43
"122180110",0,1,52
"122180130",1,1,39
"122180622",0,1,38
"122180660",0,1,39
"122180746",0,1,40
"122180887",0,1,37
"122181117",0,0,42
"122181181",1,1,43
"122181219",1,1,39
"122181285",0,1,43
"122181376",1,1,39
"122181378",0,1,39
"122181470",0,1,38
"122181491",1,1,30
"122181515",1,1,36
"122181516",0,1,39
"122181533",0,1,40
"122181743",1,1,39
"122181885",1,1,43
"122181887",1,1,36
"122181892",1,1,39
"122181902",1,1,38
"122182043",0,0,41
"122182690",0,1,37
"122182811",0,0,43
"122182853",0,1,39
"122182899",1,0,38
"122183046",0,1,28
"122183250",0,1,41
"122183644",0,1,34
"122183708",1,1,43
"122183835",0,0,38
"122184069",1,1,43
"122184202",0,0,38
"122184247",1,0,36
"122184494",0,1,36
"122185004",0,1,35
"122185027",0,1,40
"122185085",0,1,30
"122185361",0,1,43
"122185466",1,1,43
"122185769",0,1,27
"122185809",0,1,43
"122186000",1,0,41
"122186046",0,1,43
"122186056",0,0,32
"122186122",1,0,41
"122186198",0,1,34
"122186351",0,1,28
"122186404",1,1,38
"122186521",1,0,42
"122186787",0,0,35
"122186798",0,1,44
"122187074",0,0,41
"122187108",0,1,36
"122187140",1,1,42
"122187201",0,1,36
"122187220",0,1,43
"122187373",1,1,43
"122187377",0,0,42
"122187501",0,1,32
"122187676",0,1,36
"122187846",1,1,42
"122188009",0,1,27
"122188336",0,1,44
"122188408",1,1,39
"122188545",0,1,43
"122188673",1,1,40
"122188742",1,1,32
"122188751",0,0,44
"122188784",0,1,32
"122188909",0,0,39
"122189010",1,1,29
"122189066",1,0,41
"122189151",1,0,33
"122189302",0,1,34
"122189358",0,1,43
"122189409",1,1,32
"122189574",0,1,42
"122189712",0,1,43
"122189787",0,1,34
"122190004",1,0,41
"122190085",0,0,38
"122190124",0,1,37
"122190135",1,0,41
"122190193",0,1,27
"122190196",0,1,37
"122190239",0,1,38
"122190401",0,1,51
"122190885",0,1,33
"122191129",0,0,43
"122191479",0,1,42
"122191569",0,0,40
"122191594",1,1,44
"122191703",1,1,42
"122191743",1,0,25
"122191984",0,1,31
"122192141",0,1,39
"122192179",1,0,42
"122192445",0,1,39
"122192500",0,1,27
"122192755",0,1,27
"122193344",0,1,35
"122193786",0,1,26
"122193819",0,1,36
"122194128",1,0,41
"122194187",1,1,39
"122194215",0,1,31
"122194793",0,1,28
"122194873",1,1,41
"122194881",0,1,43
"122195038",0,1,34
"122195141",1,1,37
"122195157",0,1,39
"122195176",0,1,43
"122196132",0,1,32
"122196403",0,1,29
"122196459",0,1,45
"122196501",0,1,37
"122196566",1,1,35
"122196820",1,1,37
"122196934",1,1,31
"122196999",1,1,35
"122197089",0,0,40
"122197171",0,0,41
"122197223",1,1,30
"122197235",0,1,36
"122197246",0,1,41
"122197495",1,1,32
"122197765",0,1,44
"122198052",1,1,44
"122198073",0,0,40
"122198423",1,1,42
"122198770",1,0,41
"122198895",0,1,32
"122199525",0,1,31
"122199619",1,1,34
"122199974",0,1,43
"123000079",1,0,41
"123000145",0,0,31
"123000718",0,0,20
"123000763",1,1,29
"123000769",1,0,37
"123000826",1,1,27
"123001222",1,0,45
"123001236",1,1,23
"123001636",0,0,41
"123001674",1,1,20
"123001771",0,0,38
"123001994",1,1,50
"123002319",1,1,28
"123002440",1,1,37
"123002504",1,1,44
"123002554",0,0,30
"123002629",0,1,40
"123002767",1,1,28
"123002924",0,1,24
"123003192",0,0,43
"123003467",0,1,44
"123003647",1,1,46
"123003828",1,0,39
"123003870",0,1,35
"123003886",0,0,38
"123003980",1,1,41
"123004014",1,0,23
"123004353",0,1,23
"123004716",1,0,44
"123005214",0,1,35
"123005291",1,0,47
"123005609",0,1,44
"123005707",0,0,50
"123006079",1,1,35
"123006235",0,0,53
"123007015",1,0,39
"123007125",1,0,45
"123007178",1,0,35
"123007192",0,1,20
"123007463",0,0,44
"123007519",0,1,45
"123007894",0,1,23
"123008305",1,0,36
"123008418",1,0,38
"123008565",1,1,20
"123008699",0,0,37
"123008830",1,1,25
"123009257",0,1,36
"123009273",1,0,48
"123009365",1,0,43
"123009482",1,1,25
"123009724",0,1,19
"123009729",0,1,46
"123010346",1,0,60
"123010649",0,0,35
"123010738",0,1,51
"123010822",0,1,24
"123010850",1,0,45
"123011414",1,1,40
"123011458",0,0,39
"123011536",0,0,39
"123011607",0,0,39
"123012077",1,1,38
"123012637",0,0,34
"123013166",1,0,32
"123013336",0,0,40
"123013450",0,0,41
"123013476",0,0,33
"123013528",0,1,25
"123013640",0,1,20
"123013761",0,1,46
"123013826",1,0,41
"123013917",0,0,44
"123014250",1,1,37
"123014603",1,0,58
"123015092",0,1,24
"123015494",1,0,41
"123015512",0,0,42
"123015575",0,0,42
"123016136",1,0,37
"123016324",1,0,49
"123016440",0,1,32
"123016637",1,0,46
"123016814",0,1,46
"123016969",0,0,44
"123017171",0,0,37
"123017290",0,0,39
"123017501",0,1,37
"123017528",1,1,36
"123017578",0,1,43
"123017694",0,1,20
"123018004",0,1,27
"123018355",1,1,28
"123018496",0,1,38
"123018770",0,0,38
"123018868",0,1,27
"123018919",1,1,24
"123019175",1,1,50
"123019391",0,0,45
"123019921",0,1,39
"123020290",0,0,47
"123020362",0,0,40
"123020432",0,1,39
"123020652",0,1,35
"123021058",1,0,42
"123021161",1,1,31
"123021483",1,1,26
"123021534",1,1,23
"123021553",0,0,37
"123021781",1,0,32
"123021818",1,1,45
"123022056",0,0,37
"123022569",1,0,28
"123022650",1,0,57
"123022763",0,1,33
"123022916",1,1,34
"123023000",0,1,27
"123023152",0,1,44
"123023244",1,1,21
"123023271",0,1,21
"123023274",0,0,43
"123023319",0,1,49
"123023348",1,0,54
"123023512",0,0,31
"123023957",0,0,41
"123024299",0,0,43
"123024669",1,1,35
"123025092",0,1,25
"123025303",1,0,37
"123025410",1,1,48
"123025429",1,0,51
"123025591",0,1,26
"123025813",1,1,40
"123025853",1,1,19
"123026662",0,1,30
"123026781",1,1,37
"123026788",1,0,46
"123026901",0,1,28
"123026929",1,1,26
"123026964",0,1,31
"123027137",1,0,40
"123027290",0,0,48
"123027674",1,1,44
"123027813",1,1,20
"123027891",0,0,45
"123028253",0,0,44
"123028375",0,0,38
"123028426",0,1,24
"123028428",0,1,38
"123028483",0,1,24
"123028599",0,0,38
"123029192",1,1,42
"123029322",1,1,25
"123029864",0,1,32
"123029960",0,0,36
"123030039",0,1,36
"123030211",0,1,22
"123030435",1,1,38
"123030902",0,1,47
"123030937",0,1,35
"123031007",0,0,37
"123031256",0,1,22
"123031949",0,1,37
"123032036",0,0,50
"123032145",0,0,33
"123032323",1,0,44
"123032342",1,0,45
"123032367",1,1,27
"123032555",0,1,43
"123032578",1,1,18
"123032906",1,1,34
"123032934",0,1,21
"123033150",0,1,24
"123033211",1,0,45
"123033304",1,0,43
"123033507",0,1,39
"123033784",0,1,23
"123033878",1,1,30
"123034429",0,0,35
"123034643",1,1,40
"123035094",1,0,40
"123035211",0,1,37
"123035213",1,0,37
"123035359",0,1,30
"123035382",0,0,45
"123035802",1,0,28
"123035985",0,1,26
"123036182",0,0,31
"123037129",0,1,50
"123037328",0,1,18
"123037336",0,0,43
"123037791",1,1,46
"123037941",1,1,21
"123038085",0,0,57
"123038124",0,1,40
"123038167",1,0,38
"123038260",1,1,38
"123038298",0,0,49
"123038427",0,0,45
"123038440",0,0,29
"123038441",0,1,38
"123038584",1,1,25
"123038614",1,0,41
"123039399",1,1,27
"123039839",0,0,41
"123040317",0,0,50
"123040319",1,0,50
"123040892",0,0,40
"123041106",1,1,44
"123041273",0,0,37
"123041754",1,0,32
"123041885",1,0,24
"123042359",0,1,41
"123042561",1,1,26
"123042809",1,0,44
"123042984",0,1,31
"123043056",0,0,47
"123043073",0,1,24
"123043202",0,0,44
"123043395",1,0,30
"123043452",0,0,52
"123043542",1,0,31
"123043624",0,1,26
"123043710",0,1,27
"123044014",0,0,40
"123044241",1,0,40
"123044297",1,0,24
"123044788",1,1,25
"123045808",0,1,35
"123045880",1,0,37
"123046048",0,1,40
"123046239",1,0,40
"123046603",1,0,18
"123046977",1,0,21
"123047363",0,1,39
"123047541",0,0,29
"123047899",0,1,36
"123048060",0,1,40
"123048179",1,1,27
"123048210",0,0,52
"123048355",0,1,42
"123048379",0,0,46
"123048417",1,0,31
"123048654",0,0,34
"123048779",1,1,48
"123048850",0,1,43
"123048864",1,1,27
"123049096",1,0,45
"123049113",1,1,47
"123049202",0,0,41
"123049438",0,1,21
"123049526",1,1,24
"123049799",0,1,30
"123049810",0,1,23
"123049937",1,0,49
"123050027",1,1,23
"123050030",0,0,37
"123050157",0,0,34
"123050235",0,1,23
"123050631",0,1,32
"123050739",1,0,54
"123050831",1,1,49
"123050842",0,1,36
"123051256",1,1,43
"123051658",1,1,38
"123051853",0,0,33
"123052091",0,0,57
"123052455",0,0,44
"123052591",0,1,45
"123052926",0,1,36
"123053244",1,0,46
"123053448",0,1,42
"123053529",1,0,48
"123053585",1,1,24
"123054126",0,0,41
"123054221",0,0,39
"123054255",0,0,39
"123054392",0,0,34
"123054564",1,1,31
"123054620",1,0,51
"123055065",1,1,39
"123055586",0,0,38
"123055860",0,0,41
"123055948",1,0,37
"123056466",0,1,39
"123056525",1,0,37
"123056574",0,1,33
"123056856",1,0,39
"123057618",1,0,43
"123057667",0,1,35
"123057725",0,0,39
"123057760",0,1,27
"123057880",1,1,23
"123057964",1,0,42
"123058146",1,1,28
"123058199",1,0,38
"123058975",0,0,46
"123058996",0,1,37
"123059285",1,1,35
"123059407",1,1,44
"123059593",1,0,45
"123060063",0,0,35
"123060437",0,0,38
"123060740",0,0,40
"123060889",0,0,53
"123060895",0,1,39
"123061080",1,1,20
"123061417",0,0,42
"123061612",1,1,34
"123061751",1,1,27
"123061882",1,1,19
"123062040",0,0,24
"123062079",1,0,41
"123062160",0,0,31
"123062176",1,0,27
"123062392",0,1,33
"123062577",0,0,37
"123062905",1,0,50
"123063050",0,0,46
"123063153",1,0,48
"123063288",1,0,40
"123063325",1,1,21
"123063504",0,0,25
"123063548",1,0,46
"123063633",1,1,46
"123063658",0,1,32
"123063908",1,1,20
"123064043",1,0,32
"123064662",1,1,45
"123064783",1,0,20
"123064895",0,1,32
"123065461",0,1,26
"123065680",0,0,37
"123065996",1,0,49
"123066065",0,0,23
"123066204",0,0,40
"123066221",1,1,23
"123066297",0,0,36
"123066445",0,0,34
"123066787",0,1,25
"123067223",0,1,31
"123067472",1,1,51
"123067651",1,1,39
"123067839",1,1,25
"123067919",0,0,45
"123068394",1,1,21
"123068509",1,0,45
"123068799",1,0,33
"123069037",0,0,33
"123069126",0,1,37
"123069156",0,1,43
"123069186",1,1,20
"123069570",1,0,42
"123069583",0,0,33
"123069606",0,0,32
"123070403",0,1,32
"123070443",0,0,29
"123070703",1,0,37
"123070820",0,1,21
"123070925",0,0,35
"123070961",1,0,40
"123071025",1,0,26
"123071071",0,1,46
"123071133",1,0,47
"123071140",0,1,40
"123071186",0,1,38
"123071335",1,0,41
"123071400",0,1,35
"123071898",1,0,41
"123071960",0,1,44
"123072191",1,0,32
"123072193",1,0,49
"123072276",0,0,39
"123072349",1,0,45
"123072401",0,0,39
"123072685",1,1,22
"123073165",1,0,56
"123073210",1,0,46
"123073301",1,1,25
"123073548",0,1,45
"123073839",0,1,44
"123073914",1,1,50
"123074274",0,1,34
"123074353",0,1,36
"123074379",0,0,42
"123074414",0,1,23
"123074554",0,1,21
"123074651",1,0,36
"123074684",1,1,25
"123074803",1,1,20
"123074816",0,0,44
"123075058",1,0,19
"123075133",0,0,31
"123075750",0,1,25
"123075886",0,1,40
"123076202",0,1,33
"123076334",0,1,31
"123076985",0,1,27
"123077467",1,1,43
"123077499",0,0,43
"123077891",0,1,30
"123078297",0,0,43
"123078388",1,0,35
"123078580",1,1,27
"123078670",1,0,48
"123078753",1,1,38
"123078876",1,1,20
"123078884",1,1,19
"123078943",0,1,30
"123079036",1,0,38
"123079258",0,0,39
"123079332",0,1,29
"123079333",1,1,38
"123079548",0,0,34
"123079665",0,0,45
"123079812",0,0,34
"123079932",0,1,42
"123080404",0,1,24
"123080424",0,0,48
"123080678",1,1,42
"123080691",1,0,43
"123080758",1,1,19
"123081060",1,1,32
"123081146",1,0,45
"123081403",1,0,36
"123081432",0,0,39
"123081501",1,1,26
"123081559",1,0,43
"123081676",0,1,43
"123081833",0,1,22
"123081861",0,0,41
"123082569",1,1,25
"123082779",1,1,29
"123082790",1,0,41
"123083308",1,1,48
"123083397",0,0,37
"123083432",1,0,59
"123083480",0,0,25
"123083508",1,1,29
"123083549",0,1,45
"123083796",0,1,27
"123084043",0,1,44
"123084058",0,1,33
"123084135",1,0,41
"123084281",0,0,42
"123084298",0,1,44
"123084425",1,1,46
"123084492",0,1,41
"123084926",1,1,41
"123085579",0,1,32
"123085848",0,0,36
"123085989",0,1,36
"123086085",1,1,25
"123086277",1,0,44
"123086842",1,0,42
"123086940",0,1,30
"123087019",0,1,42
"123087325",0,0,42
"123087352",0,1,38
"123087363",1,0,37
"123087486",1,1,26
"123087518",1,1,47
"123088314",0,1,25
"123088366",1,1,21
"123088530",0,1,41
"123088588",0,0,47
"123088929",1,0,37
"123089012",1,0,42
"123089096",1,1,39
"123089118",0,0,44
"123089253",1,0,36
"123089633",0,1,35
"123090053",0,0,47
"123090269",1,0,44
"123090392",1,1,28
"123090546",1,1,19
"123090755",0,1,33
"123090799",1,0,24
"123090866",1,1,22
"123091517",1,1,37
"123091922",1,0,41
"123092364",0,1,36
"123092488",1,0,42
"123092787",1,0,35
"123093179",1,1,24
"123093266",0,1,35
"123093609",0,1,30
"123093647",1,0,38
"123093870",1,1,42
"123094534",0,1,45
"123094637",0,1,50
"123094882",0,1,35
"123094997",1,1,45
"123095004",1,0,36
"123095084",1,1,36
"123095458",1,1,38
"123095698",1,1,25
"123095868",0,1,30
"123095977",1,1,25
"123096321",1,0,35
"123096481",1,0,44
"123096945",0,0,45
"123097060",0,0,42
"123097375",1,0,37
"123097502",1,1,19
"123097629",0,1,30
"123097887",1,0,36
"123098032",0,0,32
"123098104",0,0,45
"123098144",1,0,58
"123098219",1,0,40
"123098451",1,1,25
"123098616",1,1,35
"123098774",0,0,38
"123099386",0,0,34
"123099769",0,0,39
"123100092",1,0,33
"123100176",0,1,38
"123100184",0,1,31
"123100397",1,0,46
"123100473",1,1,35
"123100613",0,1,29
"123100670",0,0,42
"123100913",0,1,44
"123101030",0,1,41
"123101056",0,0,42
"123101193",0,1,36
"123101312",0,1,48
"123101326",0,0,41
"123101355",1,0,50
"123101400",0,1,25
"123101539",1,1,21
"123101722",0,1,37
"123101766",0,0,45
"123102333",1,0,44
"123102398",1,0,41
"123103063",0,1,43
"123103341",0,0,47
"123103407",1,1,50
"123103474",0,1,31
"123103719",0,1,20
"123103925",0,1,23
"123104001",1,1,39
"123104046",0,1,38
"123104599",1,1,24
"123104724",1,1,45
"123105129",1,1,44
"123105356",0,0,42
"123105879",1,0,49
"123106052",1,0,47
"123106066",1,0,28
"123106217",1,0,43
"123106366",1,0,41
"123106464",1,1,28
"123106555",0,0,41
"123106568",0,1,29
"123106599",1,1,20
"123106876",0,0,40
"123106892",0,1,22
"123107432",0,1,20
"123107433",0,1,19
"123107728",0,1,22
"123108124",1,1,22
"123108356",0,1,38
"123108405",0,0,39
"123108422",1,0,43
"123108832",0,1,35
"123109533",0,1,36
"123109665",1,0,46
"123109986",1,1,40
"123110408",1,0,56
"123110757",1,1,24
"123111014",0,0,47
"123111590",1,1,27
"123111627",1,1,37
"123112003",0,0,34
"123112086",1,1,19
"123112285",1,0,52
"123112288",0,1,35
"123112345",0,0,41
"123112558",0,0,38
"123112776",0,1,42
"123112947",1,0,51
"123113051",0,1,25
"123113895",1,0,45
"123113900",1,0,35
"123114053",1,1,40
"123114225",1,0,49
"123114421",1,1,28
"123114921",0,0,32
"123114981",0,1,38
"123115056",1,1,44
"123115201",1,0,37
"123115383",0,0,47
"123115692",0,0,50
"123116081",0,0,37
"123116179",1,0,42
"123116221",0,0,32
"123116236",0,1,45
"123116421",1,0,52
"123116429",1,1,49
"123116440",1,0,39
"123116815",1,0,37
"123117000",0,0,38
"123117615",1,1,48
"123117667",0,0,47
"123117731",1,1,32
"123117783",1,0,46
"123118073",0,0,41
"123118083",1,1,45
"123118522",0,0,38
"123118580",1,0,47
"123118678",0,1,36
"123118782",0,0,31
"123118954",1,1,52
"123119405",1,0,54
"123120224",0,0,46
"123120544",0,1,27
"123120928",1,1,29
"123121341",0,1,50
"123121656",0,1,36
"123121771",0,1,43
"123122078",1,0,34
"123122113",0,0,51
"123122171",0,0,37
"123122362",1,0,45
"123122607",0,1,39
"123122667",1,1,20
"123122938",1,0,36
"123123046",0,0,36
"123123054",1,1,27
"123123095",0,0,39
"123123330",0,0,29
"123123617",1,0,29
"123123982",1,1,40
"123124018",0,1,42
"123124134",0,1,38
"123124496",0,0,45
"123124535",1,1,35
"123124549",0,0,27
"123124625",0,1,36
"123124775",1,1,26
"123125033",1,1,25
"123125642",1,1,22
"123125868",1,1,23
"123125990",1,1,47
"123126054",0,0,34
"123126057",1,0,42
"123126659",1,1,33
"123127616",0,0,45
"123127667",1,1,20
"123127937",0,1,31
"123128054",1,1,23
"123128216",1,1,19
"123128300",0,0,48
"123128545",1,0,60
"123128653",1,0,39
"123128797",0,0,35
"123129098",0,0,37
"123129134",0,0,45
"123129386",1,1,42
"123129427",0,0,41
"123129485",1,0,19
"123129545",0,1,37
"123130022",0,1,30
"123130080",0,0,44
"123130135",1,1,26
"123130263",1,1,27
"123130494",1,1,21
"123131485",1,1,34
"123131594",1,0,22
"123132141",1,0,44
"123132162",1,0,45
"123132444",0,1,20
"123132611",0,0,47
"123132820",1,0,26
"123132893",0,1,40
"123133011",1,1,25
"123133048",1,0,35
"123133233",1,0,43
"123133437",0,1,33
"123133576",1,1,48
"123133842",1,1,28
"123134184",0,0,38
"123134511",1,1,34
"123134736",0,0,50
"123135099",1,0,46
"123135209",0,0,35
"123135249",1,1,30
"123135271",0,0,36
"123135335",1,0,39
"123135343",1,0,46
"123135503",1,0,46
"123135669",1,0,41
"123135901",0,1,24
"123135989",1,0,44
"123136076",0,1,28
"123136116",1,1,31
"123136274",1,0,49
"123136632",1,0,47
"123136686",1,0,42
"123136733",0,1,31
"123137558",1,1,37
"123137868",0,1,39
"123139029",0,0,50
"123139069",0,1,22
"123139138",0,1,19
"123139237",1,0,50
"123139725",1,0,38
"123139893",0,0,47
"123139914",0,1,31
"123140012",1,0,31
"123140096",0,1,29
"123140334",0,0,39
"123140532",1,1,38
"123140551",1,1,44
"123140746",0,1,31
"123140833",0,1,51
"123141168",1,0,41
"123141413",1,1,23
"123141491",0,1,32
"123141543",0,1,35
"123141730",1,0,50
"123141749",0,1,40
"123141813",1,0,44
"123141850",1,0,42
"123141874",1,1,23
"123141985",1,1,28
"123142775",1,1,34
"123142923",1,0,21
"123142966",1,1,27
"123143154",1,0,34
"123143783",0,1,38
"123143968",1,1,18
"123144207",0,1,36
"123144318",1,1,19
"123144790",0,0,49
"123145270",0,1,18
"123145344",1,0,40
"123145371",0,1,40
"123145431",1,1,44
"123145472",1,1,32
"123146096",0,0,43
"123146221",1,0,44
"123146316",0,1,39
"123146489",0,1,32
"123146716",1,1,24
"123146814",1,1,47
"123146859",0,0,33
"123146919",1,1,39
"123147215",0,0,30
"123147320",1,0,34
"123147434",1,1,36
"123147579",1,1,38
"123147711",0,0,51
"123148135",0,1,21
"123148392",1,0,42
"123148494",0,0,37
"123149286",0,0,48
"123149471",0,0,36
"123149520",1,0,39
"123149703",1,0,30
"123149867",1,1,51
"123149879",1,1,41
"123149960",0,0,46
"123150384",1,1,23
"123150497",1,1,44
"123150631",1,1,32
"123150889",1,0,42
"123150989",0,0,29
"123151010",0,0,41
"123151462",0,1,46
"123151859",0,1,35
"123152096",0,0,43
"123152227",0,1,36
"123152595",1,0,39
"123152737",0,1,44
"123152882",1,1,26
"123152988",0,0,47
"123153102",0,0,36
"123153192",0,0,43
"123153285",1,0,37
"123153333",1,1,54
"123153349",1,0,31
"123153406",0,1,40
"123154200",1,1,30
"123154292",1,1,41
"123154667",1,1,26
"123154858",1,0,52
"123154913",1,0,45
"123155117",1,0,38
"123155273",0,0,45
"123155285",0,1,32
"123155347",1,1,38
"123155406",1,0,33
"123155444",1,1,42
"123155485",0,0,49
"123155608",0,1,44
"123155749",0,1,39
"123155960",1,0,52
"123155996",0,0,46
"123156133",1,0,46
"123156612",1,0,41
"123156831",0,1,33
"123157317",1,1,44
"123157335",1,0,45
"123157338",0,0,43
"123157736",0,1,49
"123157982",0,0,43
"123158044",0,1,51
"123158263",0,1,32
"123158466",0,1,42
"123158796",1,1,37
"123159140",0,0,36
"123159435",1,1,33
"123159607",1,0,54
"123159709",0,0,47
"123159900",1,1,32
"123160480",0,1,41
"123160672",0,0,36
"123161566",0,0,34
"123161782",0,0,38
"123161923",0,1,28
"123161935",0,1,45
"123162093",0,1,41
"123162104",1,1,37
"123162186",1,0,39
"123162332",1,1,19
"123163162",0,1,24
"123163581",0,1,38
"123163602",1,0,42
"123163755",0,1,35
"123163794",1,0,43
"123163862",0,0,44
"123163964",0,1,24
"123164080",0,0,45
"123164213",0,1,29
"123164492",1,0,46
"123164604",1,1,47
"123164636",0,0,43
"123164930",0,0,25
"123165224",0,1,39
"123165297",1,0,40
"123165403",0,1,40
"123165475",1,0,25
"123165810",0,0,46
"123165938",1,1,29
"123166003",1,0,52
"123166039",1,1,21
"123166136",0,1,40
"123166227",0,0,32
"123166275",0,1,49
"123166363",0,0,39
"123166427",1,0,30
"123166476",1,1,41
"123166572",0,0,40
"123166701",1,0,42
"123166763",0,0,39
"123166851",1,1,20
"123167138",0,1,32
"123167436",1,0,39
"123167454",0,1,32
"123167866",0,0,42
"123167931",0,0,45
"123168010",1,1,43
"123168015",0,1,30
"123168412",1,1,50
"123168657",0,0,42
"123168714",1,0,44
"123168896",1,0,47
"123169052",1,1,45
"123169191",0,0,47
"123169231",0,1,23
"123169237",1,1,38
"123169549",0,0,39
"123169597",0,1,23
"123170078",1,1,38
"123170160",1,0,45
"123170468",1,1,22
"123170762",1,0,51
"123170884",1,0,39
"123171014",0,1,44
"123171250",1,1,31
"123171346",1,1,24
"123171588",0,0,36
"123172444",1,0,46
"123172830",0,0,37
"123172834",1,1,23
"123173165",0,0,47
"123173471",0,0,34
"123173539",0,0,37
"123173551",1,1,26
"123173950",1,1,19
"123173981",1,1,49
"123174013",1,1,21
"123174729",0,0,28
"123174781",0,1,35
"123174972",0,0,44
"123175025",0,1,30
"123175251",1,0,38
"123175279",0,1,34
"123175535",1,1,31
"123175549",1,0,39
"123175725",1,0,36
"123175898",1,0,40
"123175981",0,0,36
"123176092",1,1,21
"123176107",1,1,24
"123176617",1,1,43
"123176761",1,1,19
"123176804",0,0,36
"123176892",1,0,43
"123177058",1,0,43
"123177235",1,0,41
"123177665",0,0,45
"123178145",0,0,40
"123178399",0,1,45
"123178978",1,1,28
"123179287",1,0,21
"123179294",1,0,37
"123180225",0,0,42
"123180519",1,0,42
"123180690",1,1,24
"123180749",1,1,23
"123180839",0,0,32
"123180936",1,0,31
"123180986",1,0,39
"123181728",1,0,50
"123182147",1,1,35
"123182148",1,0,24
"123182241",0,0,46
"123182266",1,0,36
"123182371",0,1,25
"123182669",1,1,33
"123183057",1,1,47
"123183559",1,1,28
"123183994",0,1,43
"123184195",0,0,23
"123184693",0,1,41
"123184802",1,0,38
"123184837",0,1,40
"123184980",1,0,46
"123185327",1,1,22
"123185395",0,1,46
"123185586",0,1,32
"123185610",1,1,21
"123185855",1,1,41
"123185865",1,0,40
"123185904",0,1,43
"123186008",1,0,43
"123186169",0,0,43
"123186210",0,0,48
"123186356",0,1,20
"123186388",0,1,25
"123186698",0,1,30
"123186835",0,1,27
"123187094",1,1,25
"123187107",1,1,45
"123187536",1,1,40
"123187718",1,1,43
"123187796",0,0,35
"123187894",1,0,35
"123187919",1,1,51
"123187955",1,1,45
"123188160",1,0,41
"123188451",1,1,41
"123188701",0,0,44
"123188808",1,0,41
"123189094",1,1,44
"123189554",0,1,53
"123189577",1,0,47
"123189806",0,0,48
"123189840",1,0,39
"123189878",0,1,38
"123190172",1,1,38
"123190299",0,1,28
"123190491",0,0,37
"123190941",0,0,42
"123191164",1,0,27
"123191581",1,1,37
"123192356",1,0,39
"123192428",1,0,40
"123192436",1,0,42
"123192633",1,0,24
"123192674",1,0,51
"123192676",0,0,32
"123192862",1,1,53
"123193355",1,0,41
"123193489",1,0,24
"123193502",0,1,51
"123193682",0,0,36
"123193732",1,0,34
"123194291",1,0,49
"123194341",1,1,35
"123194357",0,0,40
"123194465",1,0,45
"123194786",0,1,45
"123194787",1,1,39
"123195448",1,1,35
"123195585",1,0,41
"123195641",0,0,47
"123195654",0,1,24
"123195794",1,0,45
"123196516",1,1,40
"123196541",1,1,32
"123196568",1,0,48
"123196585",1,0,32
"123196804",0,1,33
"123196875",0,0,41
"123197307",1,0,48
"123197356",0,0,50
"123197395",1,1,48
"123197487",0,1,50
"123197645",1,1,27
"123197698",1,0,46
"123197983",1,0,48
"123198098",0,1,35
"123198245",0,0,40
"123198430",0,0,28
"123198456",1,0,58
"123198524",0,1,30
"123199107",1,1,34
"123199210",0,0,48
"123199752",1,1,25
"123199896",1,0,46
"124055258",1,0,28
"124065065",0,1,31
"124124443",0,0,36
"125165924",0,0,39
"121004622",0,1,51
"121011589",0,1,42
"121043935",0,1,50
"121048454",0,1,39
"121052225",1,1,58
"121058620",1,1,31
"121062590",0,1,35
"121066909",1,0,36
"121071580",0,1,35
"121081538",1,1,48
"121099930",0,1,45
"121114771",0,0,32
"121122368",1,1,55
"121122658",1,1,50
"121131888",0,1,35
"121134371",0,1,48
"121152345",0,1,39
"121159940",0,0,28
"121161304",0,1,58
"121176102",0,1,53
"121176435",0,1,43
"121177655",1,0,44
"121185567",0,1,43
"121189144",0,1,48
"121190168",0,1,51
"121195272",0,0,34
