"","Y"
"121000624","0"
"121002145","0"
"121010609","0"
"121015651","0"
"121015867","0"
"121016745","0"
"121018157","0"
"121019477","0"
"121021665","0"
"121027122","0"
"121028352","0"
"121029427","0"
"121029925","0"
"121031811","0"
"121032198","0"
"121032770","0"
"121034698","0"
"121034929","0"
"121036252","0"
"121036758","0"
"121037753","0"
"121038339","0"
"121042253","0"
"121042368","0"
"121043241","0"
"121045795","0"
"121047608","0"
"121047700","0"
"121047861","0"
"121049769","0"
"121051288","0"
"121051397","0"
"121052485","0"
"121055844","0"
"121056987","0"
"121057913","0"
"121060351","0"
"121060871","0"
"121061197","0"
"121061319","0"
"121062864","0"
"121062941","0"
"121063162","0"
"121065081","0"
"121065510","0"
"121066785","0"
"121071612","0"
"121072488","0"
"121072587","0"
"121075559","0"
"121076147","0"
"121076617","0"
"121077434","0"
"121079451","0"
"121080110","0"
"121081318","0"
"121082855","0"
"121084050","0"
"121085136","0"
"121086784","0"
"121087441","0"
"121089443","0"
"121090440","0"
"121092934","0"
"121093196","0"
"121093829","0"
"121098732","0"
"121099503","0"
"121099906","0"
"121100330","0"
"121101148","0"
"121103004","0"
"121104667","0"
"121105164","0"
"121107174","0"
"121107600","0"
"121107916","0"
"121109156","0"
"121112037","0"
"121115148","0"
"121115360","0"
"121115887","0"
"121118472","0"
"121119629","0"
"121130813","0"
"121131223","0"
"121133418","0"
"121134867","0"
"121136051","0"
"121143059","0"
"121143858","0"
"121145098","0"
"121149778","0"
"121152067","0"
"121159618","0"
"121165002","0"
"121165968","0"
"121166911","0"
"121169495","0"
"121170239","0"
"121172384","0"
"121176260","0"
"121178182","0"
"121181981","0"
"121182028","0"
"121184866","0"
"121184873","0"
"121185082","0"
"121185172","0"
"121187115","0"
"121189670","0"
"121189962","0"
"121191207","0"
"121193245","0"
"121193505","0"
"121194613","0"
"121196646","0"
"121198090","0"
"121198843","0"
"121199361","0"
"121199867","0"
"122000037","20"
"122000101","25"
"122000128","10"
"122000299","4"
"122000332","20"
"122000451","50"
"122000591","0"
"122001040","9"
"122001078","10"
"122001181","12"
"122001488","40"
"122001523","15"
"122001702","10"
"122001707","20"
"122002040","12"
"122002203","10"
"122002392","40"
"122002673","20"
"122002753","20"
"122002964","30"
"122003024","20"
"122003255","20"
"122004203","20"
"122004208","12"
"122004224","20"
"122004414","20"
"122004483","60"
"122004625","50"
"122004796","6"
"122004926","10"
"122005110","10"
"122005257","10"
"122005535","15"
"122005661","5"
"122006110","30"
"122006171","6"
"122006321","4"
"122006558","18"
"122006807","8"
"122006819","2"
"122006911","15"
"122006955","30"
"122007316","20"
"122007435","5"
"122007457","4"
"122007648","12"
"122007743","35"
"122008050","50"
"122008060","20"
"122008142","20"
"122008143","15"
"122008578","20"
"122008637","30"
"122008798","10"
"122008968","6"
"122009131","80"
"122009143","20"
"122009187","60"
"122009429","30"
"122009832","50"
"122010231","11"
"122010333","10"
"122010389","15"
"122010514","10"
"122010578","80"
"122011238","10"
"122011268","5"
"122011444","10"
"122011484","7"
"122011904","6"
"122011923","20"
"122012008","15"
"122012147","15"
"122012805","20"
"122012982","10"
"122013164","15"
"122013377","5"
"122013441","9"
"122013638","12"
"122013994","40"
"122014046","20"
"122014108","12"
"122014175","20"
"122014313","4"
"122014399","5"
"122014790","15"
"122014852","6"
"122014908","20"
"122014918","8"
"122014945","15"
"122014973","25"
"122015249","20"
"122015277","10"
"122015828","60"
"122015890","20"
"122015915","10"
"122016184","50"
"122016206","10"
"122016554","7"
"122016658","20"
"122016737","20"
"122016821","20"
"122016922","20"
"122017053","10"
"122017172","15"
"122017250","10"
"122017268","5"
"122017443","20"
"122017487","8"
"122017534","40"
"122017604","6"
"122017887","10"
"122018209","20"
"122018265","20"
"122018454","10"
"122018484","10"
"122018491","5"
"122019046","20"
"122019249","18"
"122019295","10"
"122019467","10"
"122019517","10"
"122019546","55"
"122019596","10"
"122019870","15"
"122019956","4"
"122020137","20"
"122020381","9"
"122020400","60"
"122020434","20"
"122020511","20"
"122020928","30"
"122020974","30"
"122020976","40"
"122020994","10"
"122021170","4"
"122021394","0"
"122021401","20"
"122021433","35"
"122021804","10"
"122021894","20"
"122022083","10"
"122022108","20"
"122022200","1"
"122022878","40"
"122022920","50"
"122023316","20"
"122023470","10"
"122023628","40"
"122023867","20"
"122023922","5"
"122024227","5"
"122024306","15"
"122024740","5"
"122024954","8"
"122025018","50"
"122025025","15"
"122025237","20"
"122025255","20"
"122025340","30"
"122025441","20"
"122025577","40"
"122025599","20"
"122025628","12"
"122025810","40"
"122026292","40"
"122026320","20"
"122026473","20"
"122026500","20"
"122026771","60"
"122027117","20"
"122027326","20"
"122027490","45"
"122027559","20"
"122027686","0"
"122027689","0"
"122027764","5"
"122027833","6"
"122028154","10"
"122028213","12"
"122028471","6"
"122028588","60"
"122028660","0"
"122028729","0"
"122028754","80"
"122028878","40"
"122028926","60"
"122029387","7"
"122029568","25"
"122029613","100"
"122029852","10"
"122029855","15"
"122029859","40"
"122030234","10"
"122030486","15"
"122030673","130"
"122030870","10"
"122031238","20"
"122031304","20"
"122031483","20"
"122031651","40"
"122031699","20"
"122031720","30"
"122031813","8"
"122031837","6"
"122032105","15"
"122032316","6"
"122032385","13"
"122032390","8"
"122032683","20"
"122032807","10"
"122032818","40"
"122032884","30"
"122032892","20"
"122033131","10"
"122033333","20"
"122033407","20"
"122034500","50"
"122034894","20"
"122035162","15"
"122035469","10"
"122035483","15"
"122035596","20"
"122035722","3"
"122035743","10"
"122035860","20"
"122035966","20"
"122036012","20"
"122036031","20"
"122036095","40"
"122036349","15"
"122036355","7"
"122036374","20"
"122036427","0"
"122036577","7"
"122036850","10"
"122037069","6"
"122037370","10"
"122037758","20"
"122037801","20"
"122037943","15"
"122037951","50"
"122038018","20"
"122038280","20"
"122038364","10"
"122038627","50"
"122038800","30"
"122038834","12"
"122038994","7"
"122039109","6"
"122039310","40"
"122039414","20"
"122039521","6"
"122039623","20"
"122039793","20"
"122039978","20"
"122040071","10"
"122040223","40"
"122040322","20"
"122040354","10"
"122040516","40"
"122040558","7"
"122040679","20"
"122040758","30"
"122040800","10"
"122040856","20"
"122041092","30"
"122041196","40"
"122041401","20"
"122041426","30"
"122041446","60"
"122041701","40"
"122041725","20"
"122041887","10"
"122041977","30"
"122042139","5"
"122042401","0"
"122042475","40"
"122042488","15"
"122042581","15"
"122042636","6"
"122042739","30"
"122042821","50"
"122042843","10"
"122042954","2"
"122042961","20"
"122042994","30"
"122043121","10"
"122043498","5"
"122043520","20"
"122043650","30"
"122043705","12"
"122043724","30"
"122043865","6"
"122043918","40"
"122044210","30"
"122044594","20"
"122044860","6"
"122044908","4"
"122045344","10"
"122045717","12"
"122045888","60"
"122046000","20"
"122046276","5"
"122046369","10"
"122046486","10"
"122046609","10"
"122046906","20"
"122046926","2"
"122047048","10"
"122047179","15"
"122047570","20"
"122047634","10"
"122047909","15"
"122047946","5"
"122048007","30"
"122048155","12"
"122048162","40"
"122048299","20"
"122048341","6"
"122048442","10"
"122048451","20"
"122048499","20"
"122048810","7"
"122049089","20"
"122049854","40"
"122049867","20"
"122050063","30"
"122050068","30"
"122050257","30"
"122050594","2"
"122050645","40"
"122050753","60"
"122050776","20"
"122050917","10"
"122050990","6"
"122051240","10"
"122051260","20"
"122051280","20"
"122051401","12"
"122051436","20"
"122051488","20"
"122051494","7"
"122051510","20"
"122051734","10"
"122051774","20"
"122051915","5"
"122052167","5"
"122052181","40"
"122052310","3"
"122052312","6"
"122052484","50"
"122052576","20"
"122052663","15"
"122052807","20"
"122052828","30"
"122052895","20"
"122052927","5"
"122052946","6"
"122053002","40"
"122053093","50"
"122053423","20"
"122053427","4"
"122053701","30"
"122053872","8"
"122054181","20"
"122054272","20"
"122054302","6"
"122054303","10"
"122054379","30"
"122054387","8"
"122054501","15"
"122054603","15"
"122054611","20"
"122054666","40"
"122054839","6"
"122055660","10"
"122055862","6"
"122056123","8"
"122056147","15"
"122056156","15"
"122056319","5"
"122056367","20"
"122056661","20"
"122056731","50"
"122056830","6"
"122056836","20"
"122056891","60"
"122057005","20"
"122057367","6"
"122057378","15"
"122057410","60"
"122057454","30"
"122057498","60"
"122057546","8"
"122057696","40"
"122057745","6"
"122057873","4"
"122058031","40"
"122058055","20"
"122058111","8"
"122058334","20"
"122058538","20"
"122058553","30"
"122058735","20"
"122058924","10"
"122058956","8"
"122059007","30"
"122059045","20"
"122059383","12"
"122059614","20"
"122059653","7"
"122059732","20"
"122059833","20"
"122059889","80"
"122060266","10"
"122060684","40"
"122060802","10"
"122060954","20"
"122060975","10"
"122061104","20"
"122061126","25"
"122061500","5"
"122061560","10"
"122061584","20"
"122061650","5"
"122061659","50"
"122061759","30"
"122061803","50"
"122062121","60"
"122062153","5"
"122062604","15"
"122062792","30"
"122063171","10"
"122063204","12"
"122063222","8"
"122063514","100"
"122063635","40"
"122063734","20"
"122063791","40"
"122064027","7"
"122064591","20"
"122064693","15"
"122064872","20"
"122064900","40"
"122064908","20"
"122065102","2"
"122065230","10"
"122065539","60"
"122065543","20"
"122066179","19"
"122066307","30"
"122066398","20"
"122066447","20"
"122066619","4"
"122066758","20"
"122066895","7"
"122067046","10"
"122067078","30"
"122067107","3"
"122067383","62"
"122067466","30"
"122067517","5"
"122067572","8"
"122067585","4"
"122067753","20"
"122067912","4"
"122068070","10"
"122068416","30"
"122068649","20"
"122068898","20"
"122068912","20"
"122068950","20"
"122069015","30"
"122069183","12"
"122069317","4"
"122069879","30"
"122069927","5"
"122069994","30"
"122070298","5"
"122070456","20"
"122070596","80"
"122070626","2"
"122070676","20"
"122070682","4"
"122070848","24"
"122071070","20"
"122071197","25"
"122071269","5"
"122071453","0"
"122072145","20"
"122072354","10"
"122072358","20"
"122072948","30"
"122073239","35"
"122073640","60"
"122073730","15"
"122073733","40"
"122073782","10"
"122073853","20"
"122074351","10"
"122074579","25"
"122074604","40"
"122074613","2"
"122074795","15"
"122075157","12"
"122075235","65"
"122075541","30"
"122075890","6"
"122075948","20"
"122076006","5"
"122076063","30"
"122076507","20"
"122076789","5"
"122076865","10"
"122077041","20"
"122077738","20"
"122077772","40"
"122077817","30"
"122078065","40"
"122078167","40"
"122078206","20"
"122078612","20"
"122078650","20"
"122078752","10"
"122078801","8"
"122078829","2"
"122078906","20"
"122078912","0"
"122079208","40"
"122079587","30"
"122079756","10"
"122079779","11"
"122079838","10"
"122079941","5"
"122079972","20"
"122080117","20"
"122080153","20"
"122080169","20"
"122080210","20"
"122080258","3"
"122080463","20"
"122080508","8"
"122080642","3"
"122080811","20"
"122080842","10"
"122080905","10"
"122081045","20"
"122081166","20"
"122081231","15"
"122081252","15"
"122081367","20"
"122081660","30"
"122082021","20"
"122082044","25"
"122082099","20"
"122082182","20"
"122082184","65"
"122082418","10"
"122082642","3"
"122082646","12"
"122082763","40"
"122082923","12"
"122083123","20"
"122083773","40"
"122083890","2"
"122083971","40"
"122084098","25"
"122084349","20"
"122084389","60"
"122084716","15"
"122084895","20"
"122084992","20"
"122085168","20"
"122085199","2"
"122085379","2"
"122085984","5"
"122086012","25"
"122086077","10"
"122086248","10"
"122086379","6"
"122086548","12"
"122086659","20"
"122086676","20"
"122086931","20"
"122086970","6"
"122087107","20"
"122087198","6"
"122087201","60"
"122087265","60"
"122087484","30"
"122087602","0"
"122087701","5"
"122087940","10"
"122088072","10"
"122088586","40"
"122088666","20"
"122088898","60"
"122088904","20"
"122088914","0"
"122088916","20"
"122089090","80"
"122089100","50"
"122089314","60"
"122089416","20"
"122089480","15"
"122089505","20"
"122089859","0"
"122089982","20"
"122090403","50"
"122090653","40"
"122090861","40"
"122090895","0"
"122090973","8"
"122091065","20"
"122091282","40"
"122091358","10"
"122091492","20"
"122091793","8"
"122091884","40"
"122091962","30"
"122092026","10"
"122092038","0"
"122092084","12"
"122092260","40"
"122092293","15"
"122092373","6"
"122092556","0"
"122092752","9"
"122092887","20"
"122092989","15"
"122092999","20"
"122093029","20"
"122093103","60"
"122093383","20"
"122093436","12"
"122093507","60"
"122093798","20"
"122093909","6"
"122094016","20"
"122094160","10"
"122094207","10"
"122094243","15"
"122094528","20"
"122094551","10"
"122095017","8"
"122095148","6"
"122095241","20"
"122095272","20"
"122095365","6"
"122095728","24"
"122095772","50"
"122095877","10"
"122096740","15"
"122096791","40"
"122096929","0"
"122097008","30"
"122097165","20"
"122097170","10"
"122097228","10"
"122097541","20"
"122097671","5"
"122097868","20"
"122097975","10"
"122098297","100"
"122098366","84"
"122098507","40"
"122098623","20"
"122098812","10"
"122099010","40"
"122099129","20"
"122099181","15"
"122099356","30"
"122099714","4"
"122099780","20"
"122099992","40"
"122100090","0"
"122100311","7"
"122100494","40"
"122100550","20"
"122100635","5"
"122100667","10"
"122101191","0"
"122101285","15"
"122101733","6"
"122101825","5"
"122101989","60"
"122102172","10"
"122102217","4"
"122102335","30"
"122102390","30"
"122102451","10"
"122102470","5"
"122102643","40"
"122102705","20"
"122102806","3"
"122102848","20"
"122103398","7"
"122103747","45"
"122103946","20"
"122103979","5"
"122104067","60"
"122104293","13"
"122104454","9"
"122104492","10"
"122104600","60"
"122104685","30"
"122104866","20"
"122104978","20"
"122105210","12"
"122105362","20"
"122105469","0"
"122105545","8"
"122105556","20"
"122105598","10"
"122105781","20"
"122105829","20"
"122105841","5"
"122105874","30"
"122106342","40"
"122106367","47"
"122106387","20"
"122106412","20"
"122106606","10"
"122106711","3"
"122106827","40"
"122106856","20"
"122106863","80"
"122106997","5"
"122107008","4"
"122107064","20"
"122107066","20"
"122107125","25"
"122107191","10"
"122107231","7"
"122107375","20"
"122107455","60"
"122107495","30"
"122107907","40"
"122108038","30"
"122108050","20"
"122108259","40"
"122108338","20"
"122108373","6"
"122108713","15"
"122108835","10"
"122108881","20"
"122109073","20"
"122109082","13"
"122109516","40"
"122109537","40"
"122109543","15"
"122110272","20"
"122110415","20"
"122110505","5"
"122110524","5"
"122110650","20"
"122110806","50"
"122110826","20"
"122111421","100"
"122111749","10"
"122111855","20"
"122111888","37"
"122112181","5"
"122112265","20"
"122112695","0"
"122112957","20"
"122113002","40"
"122113078","4"
"122113448","30"
"122113514","20"
"122113517","20"
"122113731","20"
"122113787","5"
"122113939","30"
"122113954","3"
"122113964","15"
"122114073","20"
"122114110","6"
"122114142","40"
"122114283","20"
"122115429","10"
"122115512","15"
"122116227","0"
"122116692","0"
"122116748","40"
"122117294","20"
"122117727","10"
"122117757","6"
"122118069","10"
"122118119","0"
"122118152","15"
"122118459","20"
"122118546","22"
"122118646","20"
"122118718","20"
"122118842","12"
"122118932","20"
"122119101","40"
"122119170","25"
"122119208","15"
"122119256","30"
"122119284","5"
"122119397","5"
"122119415","40"
"122119963","30"
"122120385","20"
"122120399","40"
"122120429","0"
"122120433","5"
"122120523","60"
"122120612","6"
"122120637","20"
"122120808","6"
"122120970","10"
"122121143","15"
"122121230","20"
"122121776","20"
"122122315","20"
"122122537","5"
"122122579","10"
"122122648","10"
"122122776","12"
"122122812","12"
"122123401","7"
"122123594","10"
"122123637","30"
"122123884","6"
"122123896","20"
"122123909","10"
"122123985","12"
"122124076","5"
"122124108","10"
"122124167","20"
"122124229","30"
"122124349","35"
"122124373","20"
"122124510","6"
"122124605","50"
"122124649","20"
"122124744","20"
"122124803","60"
"122124827","20"
"122124914","0"
"122125160","5"
"122125218","20"
"122125638","30"
"122125651","20"
"122125684","4"
"122125847","20"
"122125897","4"
"122125954","6"
"122126031","0"
"122126515","20"
"122126672","10"
"122126863","20"
"122126957","80"
"122127470","20"
"122127479","20"
"122127635","2"
"122127681","16"
"122127734","10"
"122128222","20"
"122128284","10"
"122128466","0"
"122128476","10"
"122128487","10"
"122128648","35"
"122128866","15"
"122128985","60"
"122128993","15"
"122129075","8"
"122129109","30"
"122129110","20"
"122129480","27"
"122129628","10"
"122129633","4"
"122129708","6"
"122129820","20"
"122129936","40"
"122130219","0"
"122130498","15"
"122130635","65"
"122130784","60"
"122131093","10"
"122131112","50"
"122131120","15"
"122131138","6"
"122131362","4"
"122131896","20"
"122131906","12"
"122131975","40"
"122132049","30"
"122132263","5"
"122132294","20"
"122132307","50"
"122132666","20"
"122133219","35"
"122133348","20"
"122133494","4"
"122133869","10"
"122134119","10"
"122134303","25"
"122134388","20"
"122134526","50"
"122134606","40"
"122134621","6"
"122134784","20"
"122134904","5"
"122134936","15"
"122135104","15"
"122135147","20"
"122135361","10"
"122135634","40"
"122135744","20"
"122135863","30"
"122136395","0"
"122136540","20"
"122136630","10"
"122136752","20"
"122136865","6"
"122137109","20"
"122137227","40"
"122137233","20"
"122137695","20"
"122137823","10"
"122138055","20"
"122138089","40"
"122138146","20"
"122138214","10"
"122138476","40"
"122138626","10"
"122139010","30"
"122139014","15"
"122139206","40"
"122139209","20"
"122139276","12"
"122139434","20"
"122139515","20"
"122139927","3"
"122140154","30"
"122140245","20"
"122140382","10"
"122140401","20"
"122140567","0"
"122140680","20"
"122140739","60"
"122140744","30"
"122140751","3"
"122140846","30"
"122141236","40"
"122141336","10"
"122141339","10"
"122141344","50"
"122141417","20"
"122141700","5"
"122141842","40"
"122142115","40"
"122142145","20"
"122142190","40"
"122142201","20"
"122142204","20"
"122142395","10"
"122142514","4"
"122142792","20"
"122142824","15"
"122143007","20"
"122143034","20"
"122143411","10"
"122143477","20"
"122143583","5"
"122143791","0"
"122143980","4"
"122144044","20"
"122144103","20"
"122144208","40"
"122144354","10"
"122144375","5"
"122144776","10"
"122144821","20"
"122145694","10"
"122145720","10"
"122145728","40"
"122145966","30"
"122145995","10"
"122146105","30"
"122146119","20"
"122146289","40"
"122146382","5"
"122146472","50"
"122146478","3"
"122146534","3"
"122146806","10"
"122146809","40"
"122146930","30"
"122146934","10"
"122147074","10"
"122147175","4"
"122147333","20"
"122147426","10"
"122147433","40"
"122147448","55"
"122147616","0"
"122147696","40"
"122148160","40"
"122148206","6"
"122148209","12"
"122148303","12"
"122148530","15"
"122149287","15"
"122149490","3"
"122149580","12"
"122149990","30"
"122150023","40"
"122150053","40"
"122150225","50"
"122150442","60"
"122150675","3"
"122150683","20"
"122151162","40"
"122151237","20"
"122151989","5"
"122152000","8"
"122152350","20"
"122152432","20"
"122152879","50"
"122153584","20"
"122153742","12"
"122154022","30"
"122154056","5"
"122154078","12"
"122154184","20"
"122154285","30"
"122154724","20"
"122154969","20"
"122154988","0"
"122155084","20"
"122155093","30"
"122155369","25"
"122155947","20"
"122156022","8"
"122156201","20"
"122156307","20"
"122156319","10"
"122156511","10"
"122156896","5"
"122157182","40"
"122157184","40"
"122157218","12"
"122157285","50"
"122157854","12"
"122158028","20"
"122158496","40"
"122158628","20"
"122158849","20"
"122158884","20"
"122158996","60"
"122159401","10"
"122159532","60"
"122159547","7"
"122159659","40"
"122159788","60"
"122160391","12"
"122160435","20"
"122160467","5"
"122160612","20"
"122160625","20"
"122160972","40"
"122161002","5"
"122161048","20"
"122161409","20"
"122161412","10"
"122161427","10"
"122161432","20"
"122161585","2"
"122161740","20"
"122161844","20"
"122161979","4"
"122162138","8"
"122162194","20"
"122162297","10"
"122162397","15"
"122162794","60"
"122162829","20"
"122163067","20"
"122163158","8"
"122163343","20"
"122163389","6"
"122163697","50"
"122163763","20"
"122163768","5"
"122163785","6"
"122164156","30"
"122164925","20"
"122165275","12"
"122165323","20"
"122165355","10"
"122165417","5"
"122165422","20"
"122165466","20"
"122165641","4"
"122165865","60"
"122165998","20"
"122166299","4"
"122166367","20"
"122166552","40"
"122166584","25"
"122166973","50"
"122167077","30"
"122167147","20"
"122167377","6"
"122167418","10"
"122167450","30"
"122167701","10"
"122167843","4"
"122168060","10"
"122168209","15"
"122168362","40"
"122168410","20"
"122168521","20"
"122168573","10"
"122169061","6"
"122169085","30"
"122169522","10"
"122170097","30"
"122170182","20"
"122170280","12"
"122170293","10"
"122170301","0"
"122170311","12"
"122170394","30"
"122170439","10"
"122170641","20"
"122170666","20"
"122171268","3"
"122171270","12"
"122171286","60"
"122171381","10"
"122171578","10"
"122171635","15"
"122171770","10"
"122171836","20"
"122172265","20"
"122172475","4"
"122172923","60"
"122173024","10"
"122173178","12"
"122173385","7"
"122173535","60"
"122173626","4"
"122173697","15"
"122173736","20"
"122174060","2"
"122174200","5"
"122174201","15"
"122174455","20"
"122174476","2"
"122174666","20"
"122174909","20"
"122175053","24"
"122175106","10"
"122176056","60"
"122176150","15"
"122176726","12"
"122176762","20"
"122176913","60"
"122177071","20"
"122177080","80"
"122177249","15"
"122177259","7"
"122177433","30"
"122177464","30"
"122177521","20"
"122177578","20"
"122177750","8"
"122178261","30"
"122178512","4"
"122178712","0"
"122178750","10"
"122178906","6"
"122178961","12"
"122178966","10"
"122179026","20"
"122179038","20"
"122179381","60"
"122179416","10"
"122179450","8"
"122179645","20"
"122180110","10"
"122180130","10"
"122180622","30"
"122180660","20"
"122180746","20"
"122180887","20"
"122181117","20"
"122181181","50"
"122181219","40"
"122181285","25"
"122181376","3"
"122181378","20"
"122181470","20"
"122181491","20"
"122181515","50"
"122181516","20"
"122181533","6"
"122181743","6"
"122181885","30"
"122181887","15"
"122181892","5"
"122181902","2"
"122182043","8"
"122182690","6"
"122182811","6"
"122182853","15"
"122182899","40"
"122183046","20"
"122183250","8"
"122183644","60"
"122183708","60"
"122183835","12"
"122184069","12"
"122184202","20"
"122184247","20"
"122184494","5"
"122185004","12"
"122185027","12"
"122185085","30"
"122185361","20"
"122185466","30"
"122185769","15"
"122185809","2"
"122186000","10"
"122186046","20"
"122186056","8"
"122186122","5"
"122186198","20"
"122186351","10"
"122186404","10"
"122186521","2"
"122186787","20"
"122186798","10"
"122187074","24"
"122187108","9"
"122187140","60"
"122187201","40"
"122187220","6"
"122187373","6"
"122187377","2"
"122187501","2"
"122187676","10"
"122187846","20"
"122188009","20"
"122188336","12"
"122188408","40"
"122188545","10"
"122188673","3"
"122188742","60"
"122188751","10"
"122188784","15"
"122188909","15"
"122189010","8"
"122189066","30"
"122189151","3"
"122189302","20"
"122189358","20"
"122189409","40"
"122189574","6"
"122189712","10"
"122189787","20"
"122190004","11"
"122190085","6"
"122190124","20"
"122190135","10"
"122190193","40"
"122190196","5"
"122190239","9"
"122190401","0"
"122190885","10"
"122191129","3"
"122191479","20"
"122191569","10"
"122191594","0"
"122191703","10"
"122191743","50"
"122191984","20"
"122192141","60"
"122192179","11"
"122192445","15"
"122192500","20"
"122192755","20"
"122193344","9"
"122193786","15"
"122193819","40"
"122194128","20"
"122194187","10"
"122194215","50"
"122194793","10"
"122194873","20"
"122194881","20"
"122195038","30"
"122195141","30"
"122195157","10"
"122195176","15"
"122196132","8"
"122196403","25"
"122196459","6"
"122196501","20"
"122196566","35"
"122196820","65"
"122196934","10"
"122196999","3"
"122197089","20"
"122197171","15"
"122197223","40"
"122197235","20"
"122197246","10"
"122197495","30"
"122197765","10"
"122198052","50"
"122198073","4"
"122198423","10"
"122198770","15"
"122198895","50"
"122199525","7"
"122199619","20"
"122199974","20"
"123000079","0"
"123000145","60"
"123000718","100"
"123000763","20"
"123000769","0"
"123000826","60"
"123001222","0"
"123001236","40"
"123001636","0"
"123001674","0"
"123001771","20"
"123001994","0"
"123002319","0"
"123002440","60"
"123002504","30"
"123002554","0"
"123002629","0"
"123002767","40"
"123002924","40"
"123003192","0"
"123003467","0"
"123003647","0"
"123003828","20"
"123003870","0"
"123003886","60"
"123003980","0"
"123004014","40"
"123004353","0"
"123004716","20"
"123005214","50"
"123005291","20"
"123005609","0"
"123005707","10"
"123006079","0"
"123006235","0"
"123007015","30"
"123007125","15"
"123007178","20"
"123007192","0"
"123007463","30"
"123007519","45"
"123007894","40"
"123008305","20"
"123008418","0"
"123008565","0"
"123008699","0"
"123008830","0"
"123009257","20"
"123009273","30"
"123009365","20"
"123009482","0"
"123009724","0"
"123009729","0"
"123010346","0"
"123010649","20"
"123010738","0"
"123010822","20"
"123010850","0"
"123011414","0"
"123011458","40"
"123011536","0"
"123011607","30"
"123012077","40"
"123012637","0"
"123013166","0"
"123013336","0"
"123013450","60"
"123013476","0"
"123013528","40"
"123013640","30"
"123013761","6"
"123013826","20"
"123013917","0"
"123014250","40"
"123014603","20"
"123015092","15"
"123015494","30"
"123015512","30"
"123015575","20"
"123016136","20"
"123016324","0"
"123016440","40"
"123016637","0"
"123016814","0"
"123016969","20"
"123017171","40"
"123017290","40"
"123017501","40"
"123017528","40"
"123017578","0"
"123017694","0"
"123018004","20"
"123018355","20"
"123018496","0"
"123018770","70"
"123018868","10"
"123018919","0"
"123019175","0"
"123019391","0"
"123019921","40"
"123020290","0"
"123020362","0"
"123020432","40"
"123020652","30"
"123021058","40"
"123021161","0"
"123021483","0"
"123021534","0"
"123021553","50"
"123021781","40"
"123021818","60"
"123022056","20"
"123022569","0"
"123022650","20"
"123022763","0"
"123022916","60"
"123023000","20"
"123023152","30"
"123023244","40"
"123023271","0"
"123023274","70"
"123023319","0"
"123023348","40"
"123023512","0"
"123023957","0"
"123024299","25"
"123024669","50"
"123025092","35"
"123025303","0"
"123025410","40"
"123025429","20"
"123025591","0"
"123025813","0"
"123025853","0"
"123026662","45"
"123026781","60"
"123026788","20"
"123026901","12"
"123026929","0"
"123026964","20"
"123027137","0"
"123027290","0"
"123027674","20"
"123027813","40"
"123027891","0"
"123028253","10"
"123028375","26"
"123028426","0"
"123028428","0"
"123028483","0"
"123028599","0"
"123029192","0"
"123029322","0"
"123029864","0"
"123029960","20"
"123030039","40"
"123030211","0"
"123030435","60"
"123030902","40"
"123030937","10"
"123031007","0"
"123031256","30"
"123031949","0"
"123032036","0"
"123032145","0"
"123032323","40"
"123032342","0"
"123032367","0"
"123032555","80"
"123032578","240"
"123032906","0"
"123032934","0"
"123033150","60"
"123033211","0"
"123033304","0"
"123033507","0"
"123033784","0"
"123033878","0"
"123034429","0"
"123034643","0"
"123035094","20"
"123035211","0"
"123035213","20"
"123035359","0"
"123035382","0"
"123035802","6"
"123035985","40"
"123036182","0"
"123037129","60"
"123037328","100"
"123037336","60"
"123037791","40"
"123037941","50"
"123038085","0"
"123038124","0"
"123038167","30"
"123038260","40"
"123038298","0"
"123038427","0"
"123038440","0"
"123038441","40"
"123038584","0"
"123038614","0"
"123039399","0"
"123039839","0"
"123040317","0"
"123040319","40"
"123040892","0"
"123041106","0"
"123041273","0"
"123041754","60"
"123041885","20"
"123042359","0"
"123042561","30"
"123042809","20"
"123042984","11"
"123043056","45"
"123043073","40"
"123043202","20"
"123043395","40"
"123043452","0"
"123043542","60"
"123043624","0"
"123043710","20"
"123044014","0"
"123044241","12"
"123044297","20"
"123044788","50"
"123045808","20"
"123045880","60"
"123046048","0"
"123046239","0"
"123046603","7"
"123046977","10"
"123047363","0"
"123047541","20"
"123047899","0"
"123048060","60"
"123048179","0"
"123048210","0"
"123048355","60"
"123048379","0"
"123048417","0"
"123048654","0"
"123048779","0"
"123048850","0"
"123048864","0"
"123049096","30"
"123049113","50"
"123049202","30"
"123049438","0"
"123049526","35"
"123049799","10"
"123049810","40"
"123049937","0"
"123050027","20"
"123050030","40"
"123050157","0"
"123050235","12"
"123050631","60"
"123050739","30"
"123050831","0"
"123050842","100"
"123051256","60"
"123051658","0"
"123051853","15"
"123052091","60"
"123052455","0"
"123052591","0"
"123052926","0"
"123053244","0"
"123053448","0"
"123053529","0"
"123053585","0"
"123054126","0"
"123054221","0"
"123054255","0"
"123054392","40"
"123054564","10"
"123054620","16"
"123055065","25"
"123055586","0"
"123055860","10"
"123055948","40"
"123056466","5"
"123056525","20"
"123056574","0"
"123056856","20"
"123057618","15"
"123057667","40"
"123057725","5"
"123057760","0"
"123057880","100"
"123057964","20"
"123058146","0"
"123058199","0"
"123058975","20"
"123058996","40"
"123059285","0"
"123059407","20"
"123059593","45"
"123060063","60"
"123060437","4"
"123060740","0"
"123060889","0"
"123060895","19"
"123061080","40"
"123061417","0"
"123061612","0"
"123061751","0"
"123061882","0"
"123062040","13"
"123062079","40"
"123062160","0"
"123062176","0"
"123062392","0"
"123062577","0"
"123062905","0"
"123063050","100"
"123063153","0"
"123063288","15"
"123063325","0"
"123063504","0"
"123063548","10"
"123063633","0"
"123063658","0"
"123063908","40"
"123064043","0"
"123064662","0"
"123064783","0"
"123064895","0"
"123065461","0"
"123065680","0"
"123065996","20"
"123066065","0"
"123066204","40"
"123066221","0"
"123066297","20"
"123066445","30"
"123066787","0"
"123067223","0"
"123067472","12"
"123067651","0"
"123067839","25"
"123067919","8"
"123068394","40"
"123068509","0"
"123068799","0"
"123069037","20"
"123069126","40"
"123069156","0"
"123069186","40"
"123069570","40"
"123069583","0"
"123069606","20"
"123070403","0"
"123070443","0"
"123070703","15"
"123070820","50"
"123070925","0"
"123070961","5"
"123071025","20"
"123071071","0"
"123071133","60"
"123071140","0"
"123071186","0"
"123071335","30"
"123071400","25"
"123071898","20"
"123071960","0"
"123072191","0"
"123072193","12"
"123072276","0"
"123072349","80"
"123072401","0"
"123072685","70"
"123073165","5"
"123073210","25"
"123073301","100"
"123073548","0"
"123073839","0"
"123073914","0"
"123074274","0"
"123074353","40"
"123074379","40"
"123074414","0"
"123074554","0"
"123074651","80"
"123074684","20"
"123074803","80"
"123074816","10"
"123075058","0"
"123075133","0"
"123075750","0"
"123075886","0"
"123076202","0"
"123076334","0"
"123076985","0"
"123077467","0"
"123077499","40"
"123077891","14"
"123078297","10"
"123078388","20"
"123078580","60"
"123078670","10"
"123078753","60"
"123078876","0"
"123078884","0"
"123078943","0"
"123079036","40"
"123079258","20"
"123079332","0"
"123079333","60"
"123079548","20"
"123079665","60"
"123079812","26"
"123079932","10"
"123080404","60"
"123080424","12"
"123080678","80"
"123080691","0"
"123080758","80"
"123081060","0"
"123081146","0"
"123081403","0"
"123081432","0"
"123081501","40"
"123081559","40"
"123081676","30"
"123081833","0"
"123081861","20"
"123082569","50"
"123082779","0"
"123082790","10"
"123083308","0"
"123083397","0"
"123083432","0"
"123083480","0"
"123083508","0"
"123083549","0"
"123083796","0"
"123084043","40"
"123084058","0"
"123084135","0"
"123084281","0"
"123084298","0"
"123084425","20"
"123084492","30"
"123084926","60"
"123085579","60"
"123085848","0"
"123085989","0"
"123086085","0"
"123086277","15"
"123086842","20"
"123086940","20"
"123087019","20"
"123087325","0"
"123087352","0"
"123087363","0"
"123087486","0"
"123087518","0"
"123088314","0"
"123088366","0"
"123088530","0"
"123088588","0"
"123088929","20"
"123089012","20"
"123089096","30"
"123089118","40"
"123089253","40"
"123089633","0"
"123090053","30"
"123090269","0"
"123090392","60"
"123090546","0"
"123090755","40"
"123090799","0"
"123090866","40"
"123091517","20"
"123091922","60"
"123092364","0"
"123092488","10"
"123092787","40"
"123093179","60"
"123093266","40"
"123093609","20"
"123093647","20"
"123093870","0"
"123094534","60"
"123094637","0"
"123094882","0"
"123094997","60"
"123095004","0"
"123095084","0"
"123095458","40"
"123095698","0"
"123095868","20"
"123095977","0"
"123096321","40"
"123096481","40"
"123096945","0"
"123097060","40"
"123097375","10"
"123097502","0"
"123097629","40"
"123097887","10"
"123098032","10"
"123098104","0"
"123098144","20"
"123098219","0"
"123098451","40"
"123098616","80"
"123098774","0"
"123099386","20"
"123099769","40"
"123100092","10"
"123100176","40"
"123100184","0"
"123100397","20"
"123100473","0"
"123100613","0"
"123100670","12"
"123100913","0"
"123101030","20"
"123101056","40"
"123101193","0"
"123101312","0"
"123101326","0"
"123101355","10"
"123101400","60"
"123101539","40"
"123101722","60"
"123101766","60"
"123102333","0"
"123102398","0"
"123103063","20"
"123103341","10"
"123103407","0"
"123103474","60"
"123103719","40"
"123103925","0"
"123104001","0"
"123104046","40"
"123104599","20"
"123104724","0"
"123105129","0"
"123105356","0"
"123105879","5"
"123106052","0"
"123106066","20"
"123106217","0"
"123106366","0"
"123106464","60"
"123106555","0"
"123106568","40"
"123106599","50"
"123106876","0"
"123106892","0"
"123107432","60"
"123107433","0"
"123107728","60"
"123108124","0"
"123108356","0"
"123108405","0"
"123108422","0"
"123108832","40"
"123109533","0"
"123109665","0"
"123109986","50"
"123110408","20"
"123110757","0"
"123111014","0"
"123111590","40"
"123111627","40"
"123112003","10"
"123112086","30"
"123112285","30"
"123112288","0"
"123112345","30"
"123112558","20"
"123112776","40"
"123112947","40"
"123113051","40"
"123113895","0"
"123113900","20"
"123114053","5"
"123114225","0"
"123114421","60"
"123114921","20"
"123114981","20"
"123115056","0"
"123115201","0"
"123115383","0"
"123115692","40"
"123116081","0"
"123116179","0"
"123116221","0"
"123116236","40"
"123116421","20"
"123116429","50"
"123116440","20"
"123116815","40"
"123117000","0"
"123117615","100"
"123117667","20"
"123117731","0"
"123117783","0"
"123118073","40"
"123118083","30"
"123118522","0"
"123118580","0"
"123118678","20"
"123118782","0"
"123118954","40"
"123119405","20"
"123120224","30"
"123120544","0"
"123120928","40"
"123121341","10"
"123121656","0"
"123121771","0"
"123122078","0"
"123122113","15"
"123122171","0"
"123122362","24"
"123122607","0"
"123122667","0"
"123122938","16"
"123123046","20"
"123123054","20"
"123123095","12"
"123123330","0"
"123123617","80"
"123123982","45"
"123124018","30"
"123124134","0"
"123124496","20"
"123124535","80"
"123124549","40"
"123124625","0"
"123124775","0"
"123125033","15"
"123125642","0"
"123125868","40"
"123125990","0"
"123126054","0"
"123126057","6"
"123126659","60"
"123127616","60"
"123127667","6"
"123127937","80"
"123128054","0"
"123128216","24"
"123128300","40"
"123128545","10"
"123128653","0"
"123128797","0"
"123129098","60"
"123129134","30"
"123129386","0"
"123129427","0"
"123129485","40"
"123129545","40"
"123130022","40"
"123130080","15"
"123130135","40"
"123130263","50"
"123130494","30"
"123131485","0"
"123131594","20"
"123132141","0"
"123132162","0"
"123132444","0"
"123132611","6"
"123132820","0"
"123132893","40"
"123133011","20"
"123133048","20"
"123133233","40"
"123133437","0"
"123133576","60"
"123133842","0"
"123134184","20"
"123134511","60"
"123134736","0"
"123135099","30"
"123135209","0"
"123135249","0"
"123135271","38"
"123135335","20"
"123135343","60"
"123135503","20"
"123135669","0"
"123135901","0"
"123135989","0"
"123136076","30"
"123136116","60"
"123136274","17"
"123136632","0"
"123136686","4"
"123136733","60"
"123137558","0"
"123137868","0"
"123139029","0"
"123139069","20"
"123139138","20"
"123139237","0"
"123139725","20"
"123139893","0"
"123139914","60"
"123140012","0"
"123140096","0"
"123140334","0"
"123140532","0"
"123140551","0"
"123140746","60"
"123140833","0"
"123141168","80"
"123141413","0"
"123141491","40"
"123141543","0"
"123141730","20"
"123141749","0"
"123141813","0"
"123141850","30"
"123141874","0"
"123141985","0"
"123142775","0"
"123142923","60"
"123142966","0"
"123143154","30"
"123143783","0"
"123143968","20"
"123144207","25"
"123144318","40"
"123144790","0"
"123145270","0"
"123145344","20"
"123145371","10"
"123145431","60"
"123145472","0"
"123146096","10"
"123146221","0"
"123146316","5"
"123146489","10"
"123146716","0"
"123146814","0"
"123146859","0"
"123146919","0"
"123147215","0"
"123147320","10"
"123147434","0"
"123147579","40"
"123147711","20"
"123148135","30"
"123148392","30"
"123148494","0"
"123149286","40"
"123149471","40"
"123149520","0"
"123149703","0"
"123149867","20"
"123149879","0"
"123149960","0"
"123150384","60"
"123150497","0"
"123150631","0"
"123150889","0"
"123150989","0"
"123151010","0"
"123151462","40"
"123151859","40"
"123152096","20"
"123152227","0"
"123152595","0"
"123152737","40"
"123152882","0"
"123152988","6"
"123153102","10"
"123153192","20"
"123153285","20"
"123153333","0"
"123153349","40"
"123153406","0"
"123154200","0"
"123154292","0"
"123154667","0"
"123154858","8"
"123154913","0"
"123155117","9"
"123155273","120"
"123155285","20"
"123155347","40"
"123155406","60"
"123155444","50"
"123155485","0"
"123155608","60"
"123155749","4"
"123155960","13"
"123155996","40"
"123156133","15"
"123156612","0"
"123156831","8"
"123157317","0"
"123157335","40"
"123157338","10"
"123157736","15"
"123157982","0"
"123158044","0"
"123158263","0"
"123158466","0"
"123158796","20"
"123159140","40"
"123159435","45"
"123159607","0"
"123159709","0"
"123159900","40"
"123160480","60"
"123160672","0"
"123161566","0"
"123161782","0"
"123161923","60"
"123161935","0"
"123162093","0"
"123162104","40"
"123162186","10"
"123162332","40"
"123163162","0"
"123163581","0"
"123163602","30"
"123163755","40"
"123163794","20"
"123163862","0"
"123163964","0"
"123164080","0"
"123164213","0"
"123164492","0"
"123164604","5"
"123164636","0"
"123164930","10"
"123165224","0"
"123165297","40"
"123165403","60"
"123165475","10"
"123165810","10"
"123165938","0"
"123166003","20"
"123166039","40"
"123166136","40"
"123166227","80"
"123166275","40"
"123166363","0"
"123166427","0"
"123166476","20"
"123166572","0"
"123166701","60"
"123166763","0"
"123166851","0"
"123167138","20"
"123167436","9"
"123167454","40"
"123167866","20"
"123167931","20"
"123168010","40"
"123168015","30"
"123168412","100"
"123168657","30"
"123168714","8"
"123168896","5"
"123169052","25"
"123169191","0"
"123169231","0"
"123169237","20"
"123169549","30"
"123169597","0"
"123170078","5"
"123170160","10"
"123170468","40"
"123170762","4"
"123170884","0"
"123171014","40"
"123171250","60"
"123171346","0"
"123171588","0"
"123172444","7"
"123172830","0"
"123172834","0"
"123173165","0"
"123173471","0"
"123173539","0"
"123173551","0"
"123173950","20"
"123173981","0"
"123174013","10"
"123174729","20"
"123174781","0"
"123174972","20"
"123175025","20"
"123175251","0"
"123175279","0"
"123175535","20"
"123175549","0"
"123175725","0"
"123175898","0"
"123175981","10"
"123176092","0"
"123176107","40"
"123176617","40"
"123176761","0"
"123176804","60"
"123176892","7"
"123177058","0"
"123177235","12"
"123177665","0"
"123178145","10"
"123178399","40"
"123178978","0"
"123179287","7"
"123179294","0"
"123180225","20"
"123180519","0"
"123180690","30"
"123180749","60"
"123180839","80"
"123180936","0"
"123180986","0"
"123181728","10"
"123182147","30"
"123182148","0"
"123182241","0"
"123182266","5"
"123182371","0"
"123182669","0"
"123183057","0"
"123183559","0"
"123183994","0"
"123184195","0"
"123184693","18"
"123184802","0"
"123184837","0"
"123184980","0"
"123185327","0"
"123185395","20"
"123185586","0"
"123185610","0"
"123185855","0"
"123185865","0"
"123185904","80"
"123186008","20"
"123186169","40"
"123186210","0"
"123186356","0"
"123186388","0"
"123186698","0"
"123186835","20"
"123187094","40"
"123187107","60"
"123187536","0"
"123187718","0"
"123187796","0"
"123187894","0"
"123187919","0"
"123187955","0"
"123188160","20"
"123188451","0"
"123188701","20"
"123188808","100"
"123189094","30"
"123189554","0"
"123189577","0"
"123189806","15"
"123189840","20"
"123189878","0"
"123190172","20"
"123190299","0"
"123190491","20"
"123190941","40"
"123191164","30"
"123191581","0"
"123192356","9"
"123192428","0"
"123192436","25"
"123192633","0"
"123192674","0"
"123192676","0"
"123192862","0"
"123193355","5"
"123193489","20"
"123193502","0"
"123193682","0"
"123193732","0"
"123194291","0"
"123194341","0"
"123194357","0"
"123194465","0"
"123194786","6"
"123194787","20"
"123195448","100"
"123195585","0"
"123195641","20"
"123195654","20"
"123195794","20"
"123196516","0"
"123196541","60"
"123196568","0"
"123196585","0"
"123196804","0"
"123196875","0"
"123197307","30"
"123197356","0"
"123197395","40"
"123197487","20"
"123197645","50"
"123197698","20"
"123197983","0"
"123198098","40"
"123198245","13"
"123198430","0"
"123198456","10"
"123198524","20"
"123199107","40"
"123199210","20"
"123199752","40"
"123199896","0"
"124055258","20"
"124065065","60"
"124124443","20"
"125165924","40"
"121004622","0"
"121011589","0"
"121043935","0"
"121048454","0"
"121052225","0"
"121058620","0"
"121062590","0"
"121066909","0"
"121071580","0"
"121081538","0"
"121099930","0"
"121114771","0"
"121122368","0"
"121122658","0"
"121131888","0"
"121134371","0"
"121152345","0"
"121159940","0"
"121161304","0"
"121176102","0"
"121176435","0"
"121177655","0"
"121185567","0"
"121189144","0"
"121190168","0"
"121195272","0"
