,Y
011_S_0021,-0.160000000000004
011_S_0021.1,-0.700000000000003
011_S_0023,-1.26
011_S_0023.1,-1.85
073_S_0089,0.189999999999998
073_S_0089.1,-1.2
137_S_0301,-1.36
073_S_0311,-0.129999999999995
002_S_0413,0.439999999999998
002_S_0413.1,0.370000000000005
002_S_0685,-1.35
073_S_0746,-1.21
129_S_0778,1.56
129_S_0778.1,-0.289999999999999
002_S_1155,0.770000000000003
013_S_1186,-0.969999999999999
013_S_1186.1,-1.53
013_S_1186.2,-4.52
941_S_1195,0.0599999999999987
941_S_1195.1,-0.68
941_S_1202,0.669999999999998
002_S_1261,-1.11
002_S_1261.1,-1.34
002_S_1268,-1.13
002_S_1280,0.159999999999997
002_S_1280.1,-2.5
128_S_2002,-1.37
128_S_2002.1,0.220000000000006
128_S_2002.2,-0.709999999999994
016_S_2007,2.83
016_S_2007.1,-2.67
016_S_2007.2,0
016_S_2007.3,0.399999999999999
002_S_2010,-0.280000000000001
002_S_2010.1,-0.300000000000004
002_S_2010.2,-1.18
002_S_2010.3,-0.75
031_S_2018,0.549999999999997
031_S_2018.1,-0.100000000000001
031_S_2018.2,0.409999999999997
031_S_2018.3,-0.950000000000003
031_S_2022,0.819999999999993
031_S_2022.1,-0.400000000000006
031_S_2022.2,-0.370000000000005
031_S_2022.3,-0.460000000000001
031_S_2022.4,-0.600000000000001
072_S_2026,-2.3
072_S_2026.1,0.73
072_S_2026.2,-2.29
072_S_2027,-0.0700000000000003
072_S_2027.1,-1.28
072_S_2027.2,-0.439999999999998
072_S_2027.3,-1.73
016_S_2031,2
016_S_2031.1,-0.0700000000000003
016_S_2031.2,0.939999999999998
016_S_2031.3,-0.0900000000000034
128_S_2036,-0.630000000000003
128_S_2036.1,-0.560000000000002
128_S_2036.2,-1.42
128_S_2036.3,-1.61000000000001
072_S_2037,0.340000000000003
072_S_2037.1,-0.0499999999999972
072_S_2037.2,-0.939999999999998
072_S_2037.3,-2.76
099_S_2042,1
099_S_2042.1,1.38
099_S_2042.2,-1.44
099_S_2042.3,-2.07
002_S_2043,-0.299999999999997
002_S_2043.1,-1.95
128_S_2045,0.0499999999999972
128_S_2045.1,0.82
128_S_2045.2,-0.940000000000005
098_S_2047,-2.45
098_S_2047.1,-0.900000000000006
098_S_2047.2,-3.01000000000001
098_S_2047.3,-1.61
098_S_2052,-1.03
098_S_2052.1,-1.3
123_S_2055,-0.0700000000000003
123_S_2055.1,-0.370000000000005
123_S_2055.2,-1.43
123_S_2055.3,-2.37
007_S_2058,0.329999999999998
007_S_2058.1,2.49
007_S_2058.2,0.859999999999999
941_S_2060,0.400000000000006
941_S_2060.1,-0.479999999999997
941_S_2060.2,-1.68
035_S_2061,1.97000000000001
035_S_2061.1,-0.0899999999999963
035_S_2061.2,1.21
035_S_2061.3,1.19
099_S_2063,1.86
099_S_2063.1,0.520000000000003
099_S_2063.2,1.56
099_S_2063.3,1.08000000000001
023_S_2068,-1.42
023_S_2068.1,-2.1
023_S_2068.2,-3.91
023_S_2068.3,-2.4
072_S_2070,-0.68
072_S_2072,0.699999999999999
072_S_2072.1,-0.550000000000001
072_S_2072.2,-1.83
072_S_2072.3,-0.900000000000002
002_S_2073,-0.939999999999998
002_S_2073.1,-1.76
002_S_2073.2,-1.61
035_S_2074,-0.530000000000001
035_S_2074.1,0.230000000000004
035_S_2074.2,-0.420000000000002
035_S_2074.3,-2.13
035_S_2074.4,-1.96
098_S_2079,0.170000000000002
098_S_2079.1,0.25
098_S_2079.2,-0.560000000000002
098_S_2079.3,1.82
072_S_2083,-0.219999999999999
072_S_2083.1,-1.08
072_S_2083.2,-3.25
072_S_2083.3,-2.67
022_S_2087,1.69
022_S_2087.1,1.3
022_S_2087.2,-1.29
022_S_2087.3,2.86
072_S_2093,-0.269999999999996
072_S_2093.1,-0.729999999999997
072_S_2093.2,-0.729999999999997
072_S_2093.3,-1.16
082_S_2099,-0.48
082_S_2099.1,-0.32
082_S_2099.2,-0.84
082_S_2099.3,-1.77
021_S_2100,0.16
021_S_2100.1,1.8
021_S_2100.2,1.99
021_S_2100.3,0.389999999999997
007_S_2106,-0.600000000000001
007_S_2106.1,-0.980000000000004
007_S_2106.2,-1.2
007_S_2106.3,-3.94
153_S_2109,-0.810000000000002
153_S_2109.1,-0.0799999999999983
153_S_2109.2,-2.15
153_S_2109.3,-1.35
032_S_2119,-1.09
032_S_2119.1,0.210000000000001
032_S_2119.2,-0.699999999999996
032_S_2119.3,-0.18
032_S_2119.4,-1.87
082_S_2121,-1.22000000000001
082_S_2121.1,-0.780000000000001
082_S_2121.2,-0.580000000000005
082_S_2121.3,-1.22000000000001
082_S_2121.4,-1.46
128_S_2123,0.579999999999998
128_S_2123.1,0.230000000000004
021_S_2124,2.83000000000001
021_S_2124.1,3.39
021_S_2125,-0.610000000000007
021_S_2125.1,0.369999999999997
021_S_2125.2,-0.43
021_S_2125.3,-2.28
128_S_2130,-2.81
128_S_2130.1,-3.94
018_S_2133,0.629999999999995
018_S_2133.1,-0.550000000000004
018_S_2133.2,0.149999999999999
018_S_2133.3,-0.980000000000004
018_S_2138,-0.399999999999999
018_S_2138.1,-0.119999999999997
021_S_2142,-1.61
021_S_2142.1,-3.01
099_S_2146,1.9
099_S_2146.1,1.77
099_S_2146.2,4.31
099_S_2146.3,3.76
153_S_2148,-0.719999999999999
153_S_2148.1,-2.15
153_S_2148.2,-1.08
153_S_2148.3,-2.26
021_S_2150,0.460000000000001
021_S_2150.1,-0.329999999999998
128_S_2151,0.289999999999999
128_S_2151.1,-0.0600000000000023
128_S_2151.2,-0.410000000000004
073_S_2153,0.669999999999995
073_S_2153.1,-0.260000000000005
073_S_2153.2,0.259999999999998
073_S_2153.3,-0.130000000000003
018_S_2155,-0.469999999999999
018_S_2155.1,1.3
018_S_2155.2,1.84
018_S_2155.3,0.439999999999998
018_S_2155.4,-0.149999999999999
072_S_2164,-0.990000000000002
072_S_2164.1,-1.02
072_S_2164.2,-0.640000000000001
022_S_2167,-2.72
022_S_2167.1,-1.06
022_S_2167.2,-1.49
022_S_2167.3,-2.26
022_S_2167.4,-2.25
068_S_2168,0.719999999999999
068_S_2168.1,0.589999999999996
068_S_2168.2,0.119999999999997
068_S_2171,1.07
068_S_2171.1,1.01
018_S_2180,-0.700000000000003
018_S_2180.1,-0.229999999999997
018_S_2180.2,-1.02
018_S_2180.3,-2.39
073_S_2182,-1.32
073_S_2182.1,-2.13999999999999
027_S_2183,-0.409999999999997
068_S_2184,1.01000000000001
068_S_2184.1,0.620000000000005
068_S_2184.2,-0.00999999999999801
014_S_2185,0.509999999999998
014_S_2185.1,0.149999999999999
014_S_2185.2,-0.490000000000002
068_S_2187,2.38999999999999
068_S_2187.1,3.09999999999999
068_S_2187.2,1.8
068_S_2187.3,0.949999999999996
073_S_2190,0.630000000000003
073_S_2190.1,0.350000000000001
073_S_2190.2,-1.5
073_S_2190.3,-2.86
073_S_2191,0.869999999999997
073_S_2191.1,0.740000000000002
073_S_2191.2,2.16
068_S_2194,-0.119999999999997
068_S_2194.1,-0.109999999999999
067_S_2195,0.43
067_S_2195.1,-0.119999999999997
067_S_2195.2,-0.0499999999999972
067_S_2195.3,-2.58
067_S_2196,0.850000000000001
067_S_2196.1,-0.289999999999999
067_S_2196.2,-1.69
067_S_2196.3,-0.699999999999996
109_S_2200,5.3
109_S_2200.1,3.93
094_S_2201,1.14
094_S_2201.1,0.229999999999997
094_S_2201.2,-0.450000000000003
094_S_2201.3,-4.57
099_S_2205,-0.910000000000004
099_S_2205.1,-1.65
099_S_2205.2,-1.64
099_S_2205.3,-2.62
009_S_2208,0.240000000000002
009_S_2208.1,0.600000000000001
009_S_2208.2,-0.719999999999999
009_S_2208.3,0.170000000000002
141_S_2210,-0.41
141_S_2210.1,0.210000000000001
127_S_2213,-2.22
127_S_2213.1,-0.390000000000001
127_S_2213.2,-2.03
094_S_2216,1.7
094_S_2216.1,1.57
094_S_2216.2,2.55
094_S_2216.3,-0.969999999999999
027_S_2219,-1.41
027_S_2219.1,1.89
027_S_2219.2,-3.11
128_S_2220,-1.78
128_S_2220.1,-2.42
073_S_2225,0.189999999999998
073_S_2225.1,0.800000000000004
073_S_2225.2,-0.810000000000002
073_S_2225.3,0.0700000000000003
031_S_2233,-0.469999999999999
031_S_2233.1,-0.630000000000003
031_S_2233.2,-0.589999999999996
031_S_2233.3,0.140000000000001
127_S_2234,-1.31
127_S_2234.1,-0.119999999999997
127_S_2234.2,-1.91
109_S_2237,3.59
094_S_2238,-0.219999999999999
094_S_2238.1,2.32
094_S_2238.2,-4.05
024_S_2239,-0.43
024_S_2239.1,0.950000000000003
024_S_2239.2,0.0700000000000003
024_S_2239.3,0.93
024_S_2239.4,-0.00999999999999801
032_S_2240,0.340000000000003
032_S_2240.1,-0.890000000000001
032_S_2240.2,-1.01
027_S_2245,2
027_S_2245.1,1.17
027_S_2245.2,1.59
027_S_2245.3,0.530000000000001
032_S_2247,1.19
032_S_2247.1,-0.18
032_S_2247.2,1.71
068_S_2248,0.889999999999997
068_S_2248.1,-0.460000000000001
068_S_2248.2,-0.98
068_S_2248.3,-1.84
052_S_2249,-0.890000000000001
052_S_2249.1,-2.48
052_S_2249.2,0.199999999999996
022_S_2263,-1.19
022_S_2263.1,-1.78
022_S_2263.2,-1.88
022_S_2263.3,-1.43
073_S_2264,-1.1
073_S_2264.1,-2.94
073_S_2264.2,-2.23
073_S_2264.3,-2.77
011_S_2274,1.73
011_S_2274.1,-0.949999999999996
011_S_2274.2,-3.59
011_S_2274.3,-1.34999999999999
011_S_2274.4,-5.11
016_S_2284,-1.84
016_S_2284.1,-2.19
067_S_2301,-0.780000000000001
067_S_2301.1,-1.15000000000001
067_S_2301.2,-1.43
067_S_2301.3,1.48
067_S_2304,-1.65
067_S_2304.1,0.530000000000001
067_S_2304.2,1.35
067_S_2304.3,1.39
067_S_2304.4,-1.38
082_S_2307,-0.359999999999999
082_S_2307.1,0.210000000000001
082_S_2307.2,0.600000000000001
082_S_2307.3,-0.77
014_S_2308,1.76
014_S_2308.1,2.14
068_S_2315,-0.239999999999995
068_S_2315.1,-0.159999999999997
068_S_2315.2,-0.460000000000001
068_S_2316,-0.210000000000001
068_S_2316.1,-0.379999999999995
068_S_2316.2,-0.0300000000000011
013_S_2324,-1.38
013_S_2324.1,-0.00999999999999801
013_S_2324.2,-0.579999999999998
129_S_2332,-2.15
129_S_2332.1,-0.359999999999999
129_S_2332.2,0.369999999999997
141_S_2333,0.680000000000007
141_S_2333.1,-0.319999999999993
141_S_2333.2,0.810000000000002
027_S_2336,1.44
027_S_2336.1,-0.280000000000001
129_S_2347,-1.11
129_S_2347.1,-1.06
129_S_2347.2,0.370000000000005
053_S_2357,-1.27
053_S_2357.1,-0.369999999999997
053_S_2357.2,-2.44
053_S_2357.3,-4
126_S_2360,-0.700000000000003
123_S_2363,1.88
123_S_2363.1,1.44
123_S_2363.2,1.37
123_S_2363.3,1.75
094_S_2367,-0.449999999999996
094_S_2367.1,0.580000000000005
094_S_2367.2,-3.91
130_S_2373,-0.710000000000001
130_S_2373.1,0.0500000000000007
130_S_2373.2,-1.78
130_S_2373.3,-2.56
003_S_2374,-1.72
029_S_2376,0.390000000000001
029_S_2376.1,-1.16
036_S_2378,-1.14
036_S_2378.1,-0.659999999999997
036_S_2378.2,-1.95
036_S_2378.3,-1.89
022_S_2379,-0.839999999999996
022_S_2379.1,-2.46
022_S_2379.2,-1.7
036_S_2380,-2.03
036_S_2380.1,-1.42
009_S_2381,-1.49
009_S_2381.1,-2.16
009_S_2381.2,-2.63
013_S_2389,0.869999999999997
013_S_2389.1,1.26
005_S_2390,-1.4
005_S_2390.1,-1.41
005_S_2390.2,-1.73
005_S_2390.3,-3.47
130_S_2391,-0.990000000000002
130_S_2391.1,-1.49
130_S_2391.2,-1.37
114_S_2392,0.170000000000002
114_S_2392.1,-0.449999999999996
114_S_2392.2,1.94
114_S_2392.3,-1.29
007_S_2394,-2.36
029_S_2395,-0.870000000000005
029_S_2395.1,-1.66
053_S_2396,-0.319999999999993
053_S_2396.1,0.150000000000006
053_S_2396.2,-0.469999999999999
053_S_2396.3,-0.219999999999999
057_S_2398,0.620000000000005
057_S_2398.1,-0.489999999999995
057_S_2398.2,-1.21
130_S_2403,-1.53
126_S_2405,1.55
126_S_2405.1,-1.12
126_S_2405.2,0.720000000000006
126_S_2407,0.390000000000001
126_S_2407.1,-0.109999999999999
126_S_2407.2,-1.14
037_S_4001,-0.869999999999997
098_S_4003,-0.300000000000004
098_S_4003.1,-0.640000000000001
041_S_4004,-0.640000000000001
041_S_4004.1,-1.93
041_S_4004.2,-2.54
041_S_4004.3,-2.53
031_S_4005,-0.140000000000001
031_S_4005.1,0.0500000000000043
031_S_4005.2,-1.14
072_S_4007,-0.379999999999995
072_S_4007.1,-0.519999999999996
072_S_4007.2,-2.57
016_S_4009,-0.559999999999999
016_S_4009.1,-0.609999999999999
016_S_4009.2,-0.27
012_S_4012,1.31
012_S_4012.1,1.26
041_S_4014,1.95
041_S_4014.1,-0.940000000000005
041_S_4014.2,0.489999999999995
037_S_4015,1.55
037_S_4015.1,-0.460000000000001
037_S_4015.2,-0.41
037_S_4015.3,0.0399999999999991
098_S_4018,1.65
098_S_4018.1,-1.35
098_S_4018.2,0.469999999999999
023_S_4020,-1.65
023_S_4020.1,-1.29
023_S_4020.2,-2.86
023_S_4020.3,-2.59999999999999
031_S_4021,2.32
031_S_4021.1,0.809999999999995
031_S_4021.2,0.419999999999995
031_S_4021.3,0.729999999999997
099_S_4022,0.190000000000001
099_S_4022.1,-0.140000000000001
031_S_4024,-1.67
031_S_4024.1,-2.71
012_S_4026,-2
012_S_4026.1,-0.980000000000004
012_S_4026.2,-1.23
037_S_4028,0.200000000000003
037_S_4028.1,-0.100000000000001
037_S_4028.2,-1.26
037_S_4028.3,-2.07
031_S_4029,2.2
031_S_4029.1,0.399999999999999
031_S_4029.2,0.259999999999998
037_S_4030,-1.66
037_S_4030.1,-0.890000000000004
037_S_4030.2,-2.74
037_S_4030.3,-5.04
031_S_4032,-0.510000000000005
031_S_4032.1,0.649999999999999
031_S_4032.2,-0.200000000000003
023_S_4034,0.899999999999999
023_S_4034.1,-0.27
023_S_4035,-0.400000000000006
023_S_4035.1,-2.07
023_S_4035.2,-0.219999999999999
941_S_4036,-0.899999999999999
941_S_4036.1,-0.380000000000003
941_S_4036.2,-1.15
041_S_4037,0.510000000000005
041_S_4037.1,1.88
041_S_4037.2,-1.52999999999999
041_S_4037.3,-2.33
014_S_4039,1.39
014_S_4039.1,-0.43
014_S_4039.2,-0.740000000000002
041_S_4041,-0.0199999999999996
041_S_4041.1,-0.529999999999998
041_S_4041.2,-1.17
041_S_4041.3,-2.29
031_S_4042,1.22000000000001
031_S_4042.1,0.540000000000006
031_S_4042.2,-0.139999999999993
116_S_4043,0.0599999999999952
116_S_4043.1,0.68
116_S_4043.2,0.68
116_S_4043.3,0.619999999999997
098_S_4050,-0.909999999999997
041_S_4051,3.24
041_S_4051.1,2.12
041_S_4051.2,1.31
041_S_4051.3,2.62
141_S_4053,-0.700000000000003
141_S_4053.1,-0.799999999999997
141_S_4053.2,0.549999999999997
067_S_4054,0.449999999999996
067_S_4054.1,0.849999999999994
067_S_4054.2,1.68
067_S_4054.3,0.659999999999997
072_S_4057,-0.120000000000005
072_S_4057.1,0.640000000000001
072_S_4057.2,-2.42
014_S_4058,-1.46
014_S_4058.1,-0.520000000000003
014_S_4058.2,-2.28
014_S_4058.3,-4.59
098_S_4059,1.09
098_S_4059.1,0.43
098_S_4059.2,-0.68
041_S_4060,1.55
041_S_4060.1,0.349999999999994
041_S_4060.2,-0.289999999999999
041_S_4060.3,-1.28
072_S_4063,-0.859999999999999
072_S_4063.1,-0.5
072_S_4063.2,-0.18
068_S_4067,0.0700000000000003
068_S_4067.1,0.649999999999999
037_S_4071,-1.02999999999999
037_S_4071.1,0.200000000000003
037_S_4071.2,-0.719999999999999
037_S_4071.3,0.0500000000000043
067_S_4072,-1.32
067_S_4072.1,-1.89
067_S_4072.2,0.960000000000001
067_S_4072.3,0.789999999999999
129_S_4073,-0.630000000000003
129_S_4073.1,-0.850000000000001
011_S_4075,-0.300000000000004
011_S_4075.1,-0.0200000000000031
011_S_4075.2,-0.0800000000000054
011_S_4075.3,-1.43
099_S_4076,0.279999999999994
099_S_4076.1,1.27999999999999
099_S_4076.2,-0.330000000000005
099_S_4076.3,1.22
153_S_4077,0.0700000000000003
153_S_4077.1,-1.34
153_S_4077.2,0.530000000000001
153_S_4077.3,-0.600000000000001
014_S_4079,0.140000000000001
014_S_4079.1,0.399999999999999
014_S_4079.2,-0.739999999999998
014_S_4079.3,0.989999999999998
014_S_4080,0.850000000000001
014_S_4080.1,0.239999999999995
014_S_4080.2,-0.280000000000001
035_S_4082,-0.160000000000004
035_S_4082.1,-0.57
035_S_4082.2,-0.730000000000004
024_S_4084,-0.170000000000002
024_S_4084.1,0.5
024_S_4084.2,-0.559999999999995
024_S_4084.3,-1.13
099_S_4086,-1.24
099_S_4086.1,-1.55
099_S_4086.2,-2.45
094_S_4089,-2.18
094_S_4089.1,-3.67
094_S_4089.2,-2.61
082_S_4090,-0.559999999999995
082_S_4090.1,-1.84999999999999
082_S_4090.2,-2.06999999999999
082_S_4090.3,-2.20999999999999
116_S_4092,-0.909999999999997
116_S_4092.1,-0.109999999999999
116_S_4092.2,-1.75
116_S_4092.3,-2.56
014_S_4093,0.920000000000002
014_S_4093.1,0.760000000000005
014_S_4093.2,0.630000000000003
012_S_4094,-0.189999999999998
012_S_4094.1,-0.560000000000002
012_S_4094.2,-0.0499999999999972
123_S_4096,-0.399999999999999
123_S_4096.1,0.150000000000002
123_S_4096.2,-2.8
016_S_4097,0.57
941_S_4100,-0.509999999999998
941_S_4100.1,0.380000000000003
941_S_4100.2,0.130000000000003
072_S_4102,-1.32
072_S_4102.1,-3.71
072_S_4103,1.45
072_S_4103.1,0.0899999999999999
099_S_4104,0.93
099_S_4104.1,-0.82
099_S_4104.2,-0.259999999999998
011_S_4105,0.859999999999999
011_S_4105.1,0.649999999999999
011_S_4105.2,-0.359999999999999
035_S_4114,-0.5
035_S_4114.1,-0.880000000000003
035_S_4114.2,-2.23
023_S_4115,-1.05
023_S_4115.1,-0.350000000000001
023_S_4115.2,0.579999999999998
023_S_4115.3,-1.46
003_S_4119,-0.57
011_S_4120,-2.02
011_S_4120.1,-0.289999999999999
011_S_4120.2,-2.54
011_S_4120.3,-2.96
016_S_4121,-4.24
016_S_4121.1,-1.76
153_S_4125,-0.630000000000003
153_S_4125.1,-0.660000000000004
153_S_4125.2,-0.770000000000003
123_S_4127,0.550000000000004
123_S_4127.1,0.740000000000002
123_S_4127.2,-0.0599999999999952
123_S_4127.3,-0.169999999999995
012_S_4128,0.619999999999997
072_S_4131,-0.27
072_S_4131.1,-0.199999999999999
072_S_4131.2,-0.0999999999999979
153_S_4133,-0.850000000000001
153_S_4133.1,-0.509999999999998
153_S_4133.2,1.59
068_S_4134,-0.419999999999995
068_S_4134.1,-2.51
003_S_4136,-3.04
041_S_4138,-0.0700000000000003
041_S_4138.1,-1.75
041_S_4138.2,-1.39
153_S_4139,-0.759999999999998
153_S_4139.1,0.730000000000004
041_S_4143,-1.09
041_S_4143.1,-0.609999999999999
041_S_4143.2,-0.709999999999997
037_S_4146,-1.99
037_S_4146.1,-1.45
037_S_4146.2,-3.38
037_S_4146.3,-2.1
127_S_4148,3.63
127_S_4148.1,2
127_S_4148.2,2.28
127_S_4148.3,1.26
031_S_4149,0.899999999999999
031_S_4149.1,-0.0900000000000034
031_S_4149.2,2.02
006_S_4150,-0.719999999999999
006_S_4150.1,-0.509999999999998
006_S_4150.2,-3.39
153_S_4151,1.91
153_S_4151.1,-0.339999999999996
153_S_4151.2,-0.689999999999998
003_S_4152,0.390000000000001
006_S_4153,0.399999999999999
006_S_4153.1,-1.13
006_S_4153.2,-3.37
073_S_4155,0.57
073_S_4155.1,0.390000000000001
073_S_4155.2,-0.539999999999999
099_S_4157,-0.460000000000001
099_S_4157.1,-1.21
099_S_4157.2,-1.71
024_S_4158,-1.34
024_S_4158.1,-0.219999999999999
024_S_4158.2,-0.239999999999998
024_S_4158.3,-0.539999999999999
153_S_4159,-0.57
153_S_4159.1,-1.71
153_S_4159.2,0.0200000000000031
141_S_4160,0.390000000000001
141_S_4160.1,-0.850000000000001
141_S_4160.2,0.380000000000003
094_S_4162,-2
094_S_4162.1,-2.49
023_S_4164,-0.75
023_S_4164.1,-1.76
023_S_4164.2,-4.98999999999999
023_S_4164.3,-4.05
116_S_4167,0.219999999999999
116_S_4167.1,-0.27
116_S_4167.2,-1.1
116_S_4167.3,-1.15
005_S_4168,-1.44
005_S_4168.1,-2.17
005_S_4168.2,-1.21
024_S_4169,0.149999999999999
024_S_4169.1,1.43
024_S_4169.2,-1.05
123_S_4170,0.890000000000001
002_S_4171,-0.219999999999999
002_S_4171.1,0.100000000000001
153_S_4172,-1.07
153_S_4172.1,-1.53
022_S_4173,-0.41
022_S_4173.1,0.359999999999999
022_S_4173.2,-0.800000000000001
022_S_4173.3,-1.89
068_S_4174,1.31
068_S_4174.1,0.5
116_S_4175,0.849999999999994
116_S_4175.1,1.38999999999999
116_S_4175.2,1.38
033_S_4177,0.359999999999999
033_S_4179,-1.56
067_S_4184,-1.21
067_S_4184.1,-0.200000000000003
067_S_4184.2,-0.659999999999997
067_S_4184.3,-2
005_S_4185,-1.76
005_S_4185.1,-1.35
941_S_4187,-0.130000000000003
941_S_4187.1,-0.240000000000002
941_S_4187.2,-0.350000000000001
941_S_4187.3,-0.539999999999999
012_S_4188,0.640000000000001
012_S_4188.1,0.289999999999999
136_S_4189,-1.49
136_S_4189.1,-1.3
006_S_4192,-0.0999999999999979
006_S_4192.1,-0.0799999999999983
031_S_4194,-0.210000000000001
031_S_4194.1,0.490000000000002
031_S_4194.2,-0.75
116_S_4195,1.46
116_S_4195.1,-0.289999999999999
116_S_4195.2,-1.27
116_S_4195.3,-2.55
022_S_4196,0.109999999999999
022_S_4196.1,-0.0700000000000003
022_S_4196.2,-1.52
127_S_4197,-4.08
127_S_4197.1,-1.77
127_S_4198,0.509999999999998
127_S_4198.1,-0.57
116_S_4199,-0.0499999999999972
116_S_4199.1,1.49
116_S_4199.2,0.310000000000002
116_S_4199.3,1.4
041_S_4200,-0.549999999999997
041_S_4200.1,-3.2
041_S_4200.2,-1.88
041_S_4200.3,-1.36
098_S_4201,-0.18
099_S_4202,-0.890000000000001
099_S_4202.1,-1.39
099_S_4202.2,-0.909999999999997
031_S_4203,-2.77
031_S_4203.1,-2.91
031_S_4203.2,-1.56
099_S_4205,0.399999999999999
099_S_4205.1,0.119999999999997
099_S_4205.2,-0.710000000000001
072_S_4206,1.15
072_S_4206.1,0.869999999999997
072_S_4206.2,0.710000000000001
082_S_4208,-1.23
082_S_4208.1,-0.469999999999999
082_S_4208.2,-1.66
082_S_4208.3,-3.7
116_S_4209,1.39
127_S_4210,1.62
127_S_4210.1,2.46
127_S_4210.2,1.29
127_S_4210.3,0.259999999999998
137_S_4211,-0.789999999999999
137_S_4211.1,-0.890000000000001
137_S_4211.2,-3.02
067_S_4212,0.390000000000001
067_S_4212.1,1.21
067_S_4212.2,1.2
002_S_4213,-0.350000000000001
002_S_4213.1,0.399999999999999
002_S_4213.2,-1.45
037_S_4214,-0.960000000000001
037_S_4214.1,-2.07
037_S_4214.2,0.190000000000005
037_S_4214.3,-3.5
098_S_4215,-1.34
098_S_4215.1,-0.739999999999998
073_S_4216,0.799999999999997
073_S_4216.1,0.419999999999995
073_S_4216.2,0.32
073_S_4216.3,0.469999999999999
068_S_4217,2.46
068_S_4217.1,0.420000000000002
068_S_4217.2,1.13
031_S_4218,0.140000000000001
031_S_4218.1,0.420000000000002
031_S_4218.2,-0.740000000000002
002_S_4219,0.140000000000001
002_S_4219.1,-0.649999999999999
002_S_4219.2,-1.71
129_S_4220,-0.700000000000003
129_S_4220.1,-0.530000000000001
129_S_4220.2,1.92
011_S_4222,0.129999999999999
011_S_4222.1,-0.0800000000000018
011_S_4222.2,-1.11
024_S_4223,0.66
024_S_4223.1,-0.470000000000002
024_S_4223.2,-1.34
082_S_4224,-2.39
002_S_4225,-0.789999999999999
002_S_4225.1,-1.83
002_S_4225.2,-2.68
072_S_4226,-0.330000000000005
072_S_4226.1,-0.850000000000001
072_S_4226.2,-1.97000000000001
002_S_4229,-0.159999999999997
141_S_4232,1.53
141_S_4232.1,1.05
141_S_4232.2,2.86
094_S_4234,-2.66
094_S_4234.1,-0.5
094_S_4234.2,-4.3
011_S_4235,-2.04
011_S_4235.1,-1.92
011_S_4235.2,-0.869999999999997
011_S_4235.3,-2.81
002_S_4237,1.2
002_S_4237.1,0.550000000000001
002_S_4237.2,0.580000000000002
127_S_4240,-1.38
127_S_4240.1,-1.94
127_S_4240.2,-2.6
023_S_4243,-0.41
023_S_4243.1,-0.189999999999998
023_S_4243.2,-1.45
023_S_4243.3,-3.58
082_S_4244,2.77
082_S_4244.1,1.4
082_S_4244.2,0.0599999999999987
021_S_4245,-0.690000000000001
021_S_4245.1,1.55
021_S_4245.2,1.44
130_S_4250,-1.36
130_S_4250.1,-1.46
130_S_4250.2,-1.79
130_S_4250.3,-4.4
002_S_4251,0.959999999999994
002_S_4251.1,-1.06
019_S_4252,0.16
019_S_4252.1,-0.890000000000001
019_S_4252.2,-1.32
021_S_4254,2.57
021_S_4254.1,-2.52
021_S_4254.2,-2.68
941_S_4255,-1.08
941_S_4255.1,-0.879999999999995
941_S_4255.2,-1.54
941_S_4255.3,-2.17
035_S_4256,0.659999999999997
035_S_4256.1,0.309999999999995
035_S_4256.2,1.34
018_S_4257,-2.27
018_S_4257.1,-2.73
137_S_4258,-0.73
137_S_4258.1,-3.11
073_S_4259,-0.359999999999999
073_S_4259.1,-0.359999999999999
073_S_4259.2,-2.89
002_S_4262,-0.510000000000005
002_S_4262.1,0.799999999999997
002_S_4262.2,-0.540000000000006
014_S_4263,-0.469999999999999
014_S_4263.1,-2.32
014_S_4263.2,-1.58
014_S_4263.3,-1.93
022_S_4266,1.54
022_S_4266.1,0.240000000000002
022_S_4266.2,-1.75
013_S_4268,0.509999999999998
013_S_4268.1,0.289999999999999
013_S_4268.2,-0.770000000000003
013_S_4268.3,-3.04000000000001
136_S_4269,0.770000000000003
136_S_4269.1,-1.82
002_S_4270,-1.14
002_S_4270.1,-2.6
002_S_4270.2,-2.23
041_S_4271,0.0199999999999996
041_S_4271.1,-0.139999999999997
041_S_4271.2,-2.04
041_S_4271.3,-2.93
007_S_4272,1.29
007_S_4272.1,0.170000000000002
007_S_4272.2,-1.32
007_S_4272.3,-3.03
068_S_4274,1.19
068_S_4274.1,0.719999999999999
098_S_4275,-2.48
098_S_4275.1,0.68
021_S_4276,0.390000000000001
021_S_4276.1,-0.210000000000001
021_S_4276.2,1.08
032_S_4277,-1.03
032_S_4277.1,-0.0700000000000003
032_S_4277.2,-0.110000000000003
032_S_4277.3,-1.8
011_S_4278,-2
011_S_4278.1,-2.07
011_S_4278.2,-2.43
029_S_4279,-2.86
029_S_4279.1,-2.78
024_S_4280,-0.199999999999999
024_S_4280.1,-2.06
024_S_4280.2,-1.46
135_S_4281,0.18
135_S_4281.1,1.98999999999999
135_S_4281.2,-1.77
135_S_4281.3,-0.0600000000000023
019_S_4285,0.5
019_S_4285.1,0.600000000000001
019_S_4285.2,-2.16
129_S_4287,1.28
129_S_4287.1,2.97000000000001
129_S_4287.2,3.01000000000001
003_S_4288,-3.79
029_S_4290,3.06
029_S_4290.1,0.41
029_S_4290.2,2.09
022_S_4291,-0.439999999999998
022_S_4291.1,-1.62
022_S_4291.2,-0.379999999999995
941_S_4292,0.0700000000000003
941_S_4292.1,-0.25
941_S_4292.2,0.229999999999997
941_S_4292.3,-0.120000000000005
019_S_4293,-1.03
019_S_4293.1,-1.11
019_S_4293.2,-1.05
130_S_4294,0.969999999999999
130_S_4294.1,0.239999999999998
130_S_4294.2,-1.33
153_S_4297,0.900000000000002
153_S_4297.1,-0.579999999999998
137_S_4299,-0.670000000000002
137_S_4299.1,-0.0600000000000023
137_S_4299.2,-0.470000000000006
073_S_4300,-1.09
073_S_4300.1,0.390000000000001
073_S_4300.2,-1.43
127_S_4301,-0.00999999999999801
127_S_4301.1,-0.0599999999999987
037_S_4302,-0.150000000000006
037_S_4302.1,1.62
037_S_4302.2,-0.230000000000004
137_S_4303,-0.719999999999999
137_S_4303.1,-1.21
137_S_4303.2,-2.11
029_S_4307,-1.41
029_S_4307.1,-2.5
037_S_4308,-1.35
037_S_4308.1,-1.72
135_S_4309,0.119999999999997
135_S_4309.1,-0.360000000000007
135_S_4309.2,0.449999999999996
067_S_4310,-0.209999999999994
067_S_4310.1,-0.029999999999994
067_S_4310.2,-0.789999999999999
073_S_4311,0.199999999999999
073_S_4311.1,0.0300000000000011
073_S_4311.2,0.460000000000001
073_S_4312,-0.589999999999996
073_S_4312.1,-0.240000000000002
018_S_4313,-0.879999999999995
018_S_4313.1,-0.939999999999998
018_S_4313.2,-0.799999999999997
022_S_4320,-0.0600000000000023
022_S_4320.1,-0.850000000000001
022_S_4320.2,0.399999999999999
022_S_4320.3,-1.98
009_S_4324,-2.43
009_S_4324.1,-1.68
009_S_4324.2,-2.19
009_S_4324.3,-3.37
029_S_4327,0.789999999999999
029_S_4327.1,-3.49
014_S_4328,1.48
014_S_4328.1,-0.0400000000000063
014_S_4328.2,0.309999999999995
137_S_4331,-1.12
137_S_4331.1,-1.54
137_S_4331.2,-1.3
068_S_4332,-0.759999999999998
021_S_4335,1.51
021_S_4335.1,1.73
021_S_4335.2,0.0900000000000034
009_S_4337,0.659999999999997
009_S_4337.1,-0.740000000000002
009_S_4337.2,0.43
116_S_4338,0.430000000000003
116_S_4338.1,0.920000000000002
116_S_4338.2,0.600000000000001
082_S_4339,-0.590000000000003
082_S_4339.1,-0.399999999999999
082_S_4339.2,-0.980000000000004
068_S_4340,0.949999999999996
068_S_4340.1,1.02
130_S_4343,0.00999999999999801
130_S_4343.1,-1.42
130_S_4343.2,-2.5
006_S_4346,-0.149999999999999
006_S_4346.1,-0.299999999999997
006_S_4346.2,-2.28
032_S_4348,0.529999999999994
018_S_4349,1.66
018_S_4349.1,-0.280000000000001
137_S_4351,4.23
137_S_4351.1,1.41999999999999
137_S_4351.2,0.25
130_S_4352,1.11
130_S_4352.1,0.730000000000004
130_S_4352.2,-0.589999999999996
016_S_4353,1.95
003_S_4354,-0.0799999999999983
003_S_4354.1,-1.98
135_S_4356,0.390000000000001
135_S_4356.1,0.640000000000001
135_S_4356.2,-0.619999999999997
135_S_4356.3,0.630000000000003
006_S_4357,1.85
006_S_4357.1,0.869999999999997
006_S_4357.2,0.0499999999999972
009_S_4359,0.560000000000002
009_S_4359.1,0.460000000000001
009_S_4359.2,-0.0300000000000011
009_S_4359.3,-1.24
073_S_4360,-1.01000000000001
073_S_4360.1,-1.25
073_S_4360.2,-0.790000000000006
006_S_4363,-1.01000000000001
006_S_4363.1,-1.15000000000001
006_S_4363.2,-0.920000000000002
941_S_4365,1.35
941_S_4365.1,1.38
941_S_4365.2,0.439999999999998
011_S_4366,-0.380000000000003
011_S_4366.1,-0.77
011_S_4366.2,-2.07
019_S_4367,1.38
019_S_4367.1,0.969999999999999
019_S_4367.2,0.579999999999998
129_S_4369,4.02
129_S_4369.1,4.01000000000001
129_S_4371,-2.04
129_S_4371.1,-0.640000000000001
129_S_4371.2,-0.370000000000001
129_S_4371.3,-2.8
153_S_4372,1.57
153_S_4372.1,0.549999999999997
153_S_4372.2,1.26
941_S_4376,-1.79
941_S_4376.1,-0.280000000000001
941_S_4376.2,-1.98999999999999
941_S_4376.3,0.0100000000000051
941_S_4377,-0.859999999999999
941_S_4377.1,-1.22
941_S_4377.2,-0.949999999999999
114_S_4379,-0.739999999999998
114_S_4379.1,-0.829999999999998
037_S_4381,1.36
037_S_4381.1,1.3
037_S_4381.2,0.710000000000001
073_S_4382,-3.04000000000001
073_S_4382.1,-1.09
073_S_4382.2,-2.5
072_S_4383,-0.340000000000003
072_S_4383.1,0.269999999999996
072_S_4383.2,-0.670000000000002
029_S_4384,-4.14
029_S_4384.1,-2.3
029_S_4385,-2.96
029_S_4385.1,-4.6
032_S_4386,-0.5
032_S_4386.1,-1.07
007_S_4387,-1.86
007_S_4387.1,-1.86
009_S_4388,0.710000000000001
009_S_4388.1,2.55
009_S_4388.2,1.22
072_S_4390,0.519999999999996
072_S_4390.1,0.309999999999995
072_S_4390.2,0.420000000000002
072_S_4391,1.09
072_S_4391.1,0.399999999999999
072_S_4391.2,-0.450000000000003
024_S_4392,0.490000000000002
024_S_4392.1,1.62
024_S_4392.2,0.949999999999999
024_S_4392.3,-0.0399999999999991
073_S_4393,-1.57
073_S_4393.1,-1.65
073_S_4393.2,-2.16999999999999
072_S_4394,-0.440000000000005
072_S_4394.1,-1.39
013_S_4395,0.460000000000001
013_S_4395.1,-0.590000000000003
129_S_4396,-1.39
129_S_4396.1,0.160000000000004
018_S_4399,0.609999999999999
018_S_4399.1,-1.46
018_S_4400,-0.980000000000004
018_S_4400.1,-0.57
018_S_4400.2,0.93
014_S_4401,0.950000000000003
014_S_4401.1,1.14
014_S_4401.2,1.24
021_S_4402,-2.11
021_S_4402.1,-1.63
073_S_4403,1.03
114_S_4404,-1.56
114_S_4404.1,-2.23
114_S_4404.2,-4.03
130_S_4405,1.84
130_S_4405.1,-0.240000000000002
135_S_4406,-2.59999999999999
135_S_4406.1,-0.75
135_S_4406.2,0.130000000000003
136_S_4408,0.649999999999999
037_S_4410,-1.23
037_S_4410.1,-2.35
037_S_4410.2,-2.77
037_S_4410.3,-2.36
035_S_4414,-0.740000000000002
035_S_4414.1,-2.25
035_S_4414.2,-6.65
130_S_4417,0.449999999999996
130_S_4417.1,0.0599999999999952
130_S_4417.2,-2.72000000000001
021_S_4419,1.9
021_S_4419.1,0.519999999999996
021_S_4419.2,-0.910000000000004
941_S_4420,-0.700000000000003
941_S_4420.1,-1.42
941_S_4420.2,-0.810000000000002
021_S_4421,2.41
021_S_4421.1,3.87
021_S_4421.2,0.140000000000001
129_S_4422,-1.37
129_S_4422.1,-1.93
129_S_4422.2,-1.73999999999999
141_S_4423,0.269999999999996
141_S_4423.1,-0.0500000000000043
068_S_4424,-1.76
068_S_4424.1,-0.100000000000001
141_S_4426,-1.22
141_S_4426.1,-1.77
141_S_4426.2,-2.21
041_S_4427,2.3
082_S_4428,-0.460000000000001
082_S_4428.1,-0.670000000000002
082_S_4428.2,0.0399999999999991
032_S_4429,-0.289999999999999
032_S_4429.1,0.0200000000000031
032_S_4429.2,-0.469999999999999
032_S_4429.3,0.0399999999999991
036_S_4430,-1.92
136_S_4433,-2.2
094_S_4434,-0.980000000000004
094_S_4434.1,-1.75
094_S_4434.2,-4.14
141_S_4438,-0.25
141_S_4438.1,-0.75
003_S_4441,-1.79000000000001
073_S_4443,-1.47
073_S_4443.1,-1.14
073_S_4443.2,-1.85
022_S_4444,1.37
022_S_4444.1,-0.0899999999999999
022_S_4444.2,0.439999999999998
022_S_4444.3,-0.82
072_S_4445,0.43
072_S_4445.1,-0.730000000000004
135_S_4446,1.87
135_S_4446.1,-0.920000000000002
135_S_4446.2,1
002_S_4447,-0.369999999999997
002_S_4447.1,0.240000000000002
002_S_4447.2,-0.520000000000003
023_S_4448,-0.939999999999998
023_S_4448.1,-0.839999999999996
023_S_4448.2,0.290000000000006
023_S_4448.3,-0.0899999999999963
006_S_4449,0.910000000000004
006_S_4449.1,0.0200000000000031
006_S_4449.2,0.140000000000001
116_S_4453,-1.45
116_S_4453.1,-0.329999999999998
116_S_4453.2,-1.27
116_S_4453.3,-2.3
109_S_4455,-0.729999999999997
109_S_4455.1,-0.469999999999999
109_S_4455.2,1.61000000000001
141_S_4456,-0.539999999999999
141_S_4456.1,0.43
126_S_4458,-1.54
126_S_4458.1,-1.4
126_S_4458.2,1.68
072_S_4462,-1.43
072_S_4462.1,-1.79
072_S_4462.2,-2.15
099_S_4463,-0.0399999999999991
099_S_4463.1,-0.82
035_S_4464,0.799999999999997
035_S_4464.1,1.09
035_S_4464.2,0.169999999999995
072_S_4465,-1.26
072_S_4465.1,0.879999999999995
072_S_4465.2,0.0899999999999963
137_S_4466,-0.520000000000003
137_S_4466.1,-0.600000000000001
137_S_4466.2,-0.82
007_S_4467,-1.78
007_S_4467.1,-1.9
007_S_4467.2,-4.65
100_S_4469,0.170000000000002
100_S_4469.1,-1.18
002_S_4473,-1.94
002_S_4473.1,-2.05
002_S_4473.2,-2
031_S_4474,-0.460000000000001
031_S_4474.1,-1.3
099_S_4475,1.64
099_S_4475.1,2.54
099_S_4475.2,-0.209999999999997
031_S_4476,1.7
031_S_4476.1,1.6
031_S_4476.2,0.289999999999999
019_S_4477,-0.939999999999998
019_S_4477.1,-0.809999999999999
019_S_4477.2,-0.98
099_S_4480,-0.690000000000005
099_S_4480.1,-0.539999999999999
099_S_4480.2,-1.17
137_S_4482,-0.57
137_S_4482.1,-1.52
137_S_4482.2,-1.3
116_S_4483,-1.08
116_S_4483.1,-1.62
116_S_4483.2,-1.87
006_S_4485,1.08
006_S_4485.1,-1.68
006_S_4485.2,-0.57
007_S_4488,-1.76
007_S_4488.1,-2.1
007_S_4488.2,-1.33
135_S_4489,-1.88
135_S_4489.1,-1.90000000000001
135_S_4489.2,-2.58000000000001
135_S_4489.3,-1.78
036_S_4491,0.0400000000000063
036_S_4491.1,-0.0699999999999932
036_S_4491.2,-1.04
036_S_4491.3,-1.70999999999999
126_S_4494,-4.48
031_S_4496,1.74
031_S_4496.1,0.780000000000001
031_S_4496.2,1.57
099_S_4498,0.539999999999999
099_S_4498.1,-0.75
099_S_4498.2,-1.14
109_S_4499,0.369999999999997
109_S_4499.1,-0.440000000000005
127_S_4500,-0.200000000000003
127_S_4500.1,1.21
023_S_4501,-1.7
023_S_4501.1,-1.52
094_S_4503,-0.859999999999999
094_S_4503.1,-1.09999999999999
033_S_4505,0.0199999999999996
033_S_4505.1,-0.450000000000003
098_S_4506,-0.560000000000002
098_S_4506.1,-1.36
126_S_4507,-0.590000000000003
126_S_4507.1,-2.55
126_S_4507.2,-1.05
041_S_4510,1.55
041_S_4510.1,-1.34999999999999
041_S_4510.2,-1.94
041_S_4510.3,-2.22
041_S_4513,0.529999999999994
041_S_4513.1,-0.120000000000005
126_S_4514,-0.560000000000002
126_S_4514.1,-0.109999999999999
126_S_4514.2,0.019999999999996
006_S_4515,-0.330000000000002
006_S_4515.1,-1.04
006_S_4515.2,-1.14
007_S_4516,-0.609999999999999
007_S_4516.1,-2.39
007_S_4516.2,-0.439999999999998
002_S_4521,-0.120000000000005
002_S_4521.1,0.780000000000001
002_S_4521.2,-2.09
072_S_4522,-2.15
072_S_4522.1,-0.539999999999999
072_S_4522.2,-2.33
123_S_4526,1
123_S_4526.1,-1.5
123_S_4526.2,-2.37
123_S_4526.3,-3.07
009_S_4530,-2.47
009_S_4530.1,-0.920000000000002
072_S_4539,-0.149999999999999
072_S_4539.1,-0.579999999999998
072_S_4539.2,-0.829999999999998
073_S_4540,0
130_S_4542,0.880000000000003
130_S_4542.1,-1.79
012_S_4545,-2.38
012_S_4545.1,-1.52
012_S_4545.2,-1.35
006_S_4546,-2.28
006_S_4546.1,-2.17
011_S_4547,-0.199999999999996
011_S_4547.1,-1.23
011_S_4547.2,-0.899999999999999
019_S_4548,0.859999999999999
019_S_4549,-1.32
019_S_4549.1,-0.859999999999999
019_S_4549.2,-1.16
073_S_4552,-1.14
128_S_4553,-1.2
128_S_4553.1,0.119999999999997
073_S_4559,0.359999999999999
073_S_4559.1,-0.859999999999999
073_S_4559.2,-0.450000000000003
036_S_4562,-1.21
036_S_4562.1,-0.579999999999998
036_S_4562.2,-1.82
099_S_4565,0.0700000000000003
099_S_4565.1,0.140000000000001
099_S_4565.2,-1.32
135_S_4566,0.410000000000004
135_S_4566.1,1.12
135_S_4566.2,0.0799999999999983
135_S_4566.3,-1.25
128_S_4571,-0.0500000000000043
128_S_4571.1,-1.08000000000001
014_S_4576,-1.56
014_S_4576.1,-1.90000000000001
014_S_4576.2,-1.2
014_S_4577,-0.300000000000004
014_S_4577.1,-4.18
053_S_4578,1.13
053_S_4578.1,-0.68
053_S_4578.2,0.460000000000001
035_S_4582,-1.36
035_S_4582.1,-2.35
130_S_4589,-0.390000000000001
130_S_4589.1,-0.269999999999996
031_S_4590,0.380000000000003
031_S_4590.1,-0.600000000000001
016_S_4591,-0.460000000000001
016_S_4591.1,0.350000000000001
016_S_4591.2,-2.39
013_S_4595,-0.52
013_S_4595.1,0.360000000000003
013_S_4595.2,0.0199999999999996
137_S_4596,0.280000000000001
137_S_4596.1,0.360000000000003
137_S_4596.2,0.710000000000001
137_S_4596.3,-0.189999999999998
018_S_4597,1.03
018_S_4597.1,0.0300000000000011
135_S_4598,-0.450000000000003
135_S_4598.1,0.890000000000001
135_S_4598.2,0.390000000000001
128_S_4599,-1.36000000000001
128_S_4599.1,-4
127_S_4604,-0.939999999999998
127_S_4604.1,0.310000000000002
130_S_4605,-0.300000000000004
130_S_4605.1,0.18
128_S_4607,0.800000000000004
007_S_4611,-2.76
007_S_4611.1,-5.23
007_S_4611.2,-1.66
009_S_4612,-0.109999999999999
072_S_4613,1.01
072_S_4613.1,0.979999999999997
072_S_4613.2,0.809999999999995
007_S_4620,0
007_S_4620.1,-1.77
007_S_4620.2,-0.810000000000002
153_S_4621,2.01
116_S_4625,1.64
116_S_4625.1,-0.380000000000003
116_S_4635,-1.48999999999999
116_S_4635.1,1.83000000000001
128_S_4636,0.0799999999999983
128_S_4636.1,-1.35
130_S_4641,-0.729999999999997
130_S_4641.1,0.660000000000004
012_S_4643,-0.700000000000003
012_S_4643.1,-2.59
127_S_4645,-1.36
127_S_4645.1,-0.100000000000001
135_S_4657,-1.3
135_S_4657.1,-0.460000000000001
135_S_4657.2,-1.77
021_S_4659,-0.609999999999999
021_S_4659.1,-2.51
130_S_4660,-0.359999999999999
130_S_4660.1,1.35
014_S_4668,-0.599999999999994
014_S_4668.1,-1.27999999999999
014_S_4668.2,-2.19
137_S_4672,-1.06
137_S_4672.1,-1.77
137_S_4672.2,-1.79
135_S_4676,-1.26
135_S_4676.1,-0.879999999999999
135_S_4676.2,-2.26
126_S_4686,-1.12
126_S_4686.1,-1.43
126_S_4686.2,-2.23
070_S_4692,0.630000000000003
018_S_4696,-0.130000000000003
018_S_4696.1,-0.43
005_S_4707,0.239999999999998
005_S_4707.1,0.27
